lesion_id,n_images
HAM_0000000,2
HAM_0000001,1
HAM_0000002,3
HAM_0000003,1
HAM_0000004,1
HAM_0000006,3
HAM_0000007,1
HAM_0000008,1
HAM_0000010,1
HAM_0000011,1
HAM_0000012,2
HAM_0000013,1
HAM_0000014,3
HAM_0000015,1
HAM_0000016,1
HAM_0000017,1
HAM_0000018,1
HAM_0000019,1
HAM_0000021,1
HAM_0000022,1
HAM_0000023,1
HAM_0000025,3
HAM_0000026,1
HAM_0000027,1
HAM_0000028,2
HAM_0000029,1
HAM_0000030,1
HAM_0000031,1
HAM_0000032,1
HAM_0000033,1
HAM_0000034,1
HAM_0000035,1
HAM_0000036,1
HAM_0000037,1
HAM_0000038,1
HAM_0000039,1
HAM_0000040,1
HAM_0000041,1
HAM_0000042,3
HAM_0000043,1
HAM_0000044,2
HAM_0000045,1
HAM_0000046,1
HAM_0000047,1
HAM_0000048,2
HAM_0000050,2
HAM_0000051,1
HAM_0000052,1
HAM_0000053,1
HAM_0000054,2
HAM_0000055,1
HAM_0000056,1
HAM_0000057,2
HAM_0000058,1
HAM_0000059,2
HAM_0000060,2
HAM_0000061,1
HAM_0000062,1
HAM_0000063,1
HAM_0000064,3
HAM_0000066,1
HAM_0000067,2
HAM_0000068,2
HAM_0000069,1
HAM_0000070,2
HAM_0000071,1
HAM_0000072,2
HAM_0000073,2
HAM_0000074,1
HAM_0000075,1
HAM_0000076,1
HAM_0000077,1
HAM_0000078,1
HAM_0000079,2
HAM_0000080,2
HAM_0000081,1
HAM_0000083,2
HAM_0000084,1
HAM_0000085,1
HAM_0000086,1
HAM_0000087,2
HAM_0000088,1
HAM_0000089,1
HAM_0000090,1
HAM_0000091,1
HAM_0000093,1
HAM_0000094,1
HAM_0000095,1
HAM_0000096,1
HAM_0000097,3
HAM_0000098,1
HAM_0000099,2
HAM_0000100,1
HAM_0000101,1
HAM_0000102,2
HAM_0000103,1
HAM_0000104,2
HAM_0000105,1
HAM_0000106,1
HAM_0000107,1
HAM_0000108,1
HAM_0000110,1
HAM_0000111,1
HAM_0000112,2
HAM_0000113,2
HAM_0000114,2
HAM_0000115,1
HAM_0000116,1
HAM_0000117,1
HAM_0000118,2
HAM_0000119,1
HAM_0000120,1
HAM_0000121,1
HAM_0000122,1
HAM_0000123,1
HAM_0000124,1
HAM_0000125,3
HAM_0000126,1
HAM_0000127,1
HAM_0000128,1
HAM_0000129,1
HAM_0000130,1
HAM_0000131,1
HAM_0000132,1
HAM_0000133,1
HAM_0000134,1
HAM_0000135,2
HAM_0000136,2
HAM_0000137,1
HAM_0000138,2
HAM_0000139,1
HAM_0000140,1
HAM_0000141,1
HAM_0000142,1
HAM_0000143,1
HAM_0000144,2
HAM_0000145,1
HAM_0000146,1
HAM_0000147,1
HAM_0000148,1
HAM_0000149,2
HAM_0000150,2
HAM_0000151,1
HAM_0000152,1
HAM_0000154,1
HAM_0000155,1
HAM_0000156,1
HAM_0000157,1
HAM_0000158,1
HAM_0000159,2
HAM_0000160,1
HAM_0000161,1
HAM_0000162,1
HAM_0000163,2
HAM_0000164,2
HAM_0000165,1
HAM_0000166,1
HAM_0000167,1
HAM_0000168,1
HAM_0000169,2
HAM_0000170,1
HAM_0000171,1
HAM_0000172,1
HAM_0000173,1
HAM_0000174,2
HAM_0000175,1
HAM_0000176,3
HAM_0000177,1
HAM_0000178,1
HAM_0000179,3
HAM_0000180,1
HAM_0000181,2
HAM_0000182,3
HAM_0000183,1
HAM_0000184,1
HAM_0000185,1
HAM_0000186,1
HAM_0000187,1
HAM_0000188,3
HAM_0000190,1
HAM_0000191,1
HAM_0000192,1
HAM_0000194,2
HAM_0000196,1
HAM_0000197,1
HAM_0000198,1
HAM_0000199,1
HAM_0000200,1
HAM_0000201,1
HAM_0000202,1
HAM_0000203,1
HAM_0000204,3
HAM_0000205,1
HAM_0000206,2
HAM_0000207,1
HAM_0000208,3
HAM_0000209,1
HAM_0000210,1
HAM_0000211,2
HAM_0000213,1
HAM_0000214,1
HAM_0000215,1
HAM_0000216,3
HAM_0000217,2
HAM_0000218,1
HAM_0000219,1
HAM_0000220,1
HAM_0000221,1
HAM_0000222,2
HAM_0000223,1
HAM_0000224,1
HAM_0000225,1
HAM_0000226,1
HAM_0000227,1
HAM_0000228,1
HAM_0000229,1
HAM_0000230,2
HAM_0000231,2
HAM_0000232,1
HAM_0000233,2
HAM_0000234,1
HAM_0000235,1
HAM_0000236,1
HAM_0000237,4
HAM_0000238,1
HAM_0000240,1
HAM_0000241,1
HAM_0000242,1
HAM_0000243,1
HAM_0000244,1
HAM_0000245,1
HAM_0000246,1
HAM_0000247,1
HAM_0000248,1
HAM_0000249,2
HAM_0000250,1
HAM_0000251,1
HAM_0000252,1
HAM_0000253,1
HAM_0000254,1
HAM_0000255,1
HAM_0000256,1
HAM_0000257,1
HAM_0000258,2
HAM_0000259,3
HAM_0000260,1
HAM_0000261,2
HAM_0000262,2
HAM_0000264,1
HAM_0000265,1
HAM_0000266,2
HAM_0000267,2
HAM_0000268,3
HAM_0000269,2
HAM_0000270,1
HAM_0000271,1
HAM_0000272,1
HAM_0000273,2
HAM_0000274,1
HAM_0000275,3
HAM_0000276,1
HAM_0000277,1
HAM_0000278,1
HAM_0000279,2
HAM_0000280,1
HAM_0000281,1
HAM_0000282,2
HAM_0000283,1
HAM_0000284,2
HAM_0000285,1
HAM_0000287,2
HAM_0000288,2
HAM_0000289,1
HAM_0000290,1
HAM_0000291,3
HAM_0000292,1
HAM_0000293,1
HAM_0000294,2
HAM_0000295,1
HAM_0000296,1
HAM_0000297,1
HAM_0000298,1
HAM_0000299,2
HAM_0000300,1
HAM_0000301,1
HAM_0000302,2
HAM_0000303,1
HAM_0000304,3
HAM_0000305,1
HAM_0000306,1
HAM_0000307,1
HAM_0000308,1
HAM_0000309,1
HAM_0000310,1
HAM_0000311,1
HAM_0000312,1
HAM_0000313,3
HAM_0000314,1
HAM_0000315,1
HAM_0000316,1
HAM_0000317,1
HAM_0000318,1
HAM_0000319,1
HAM_0000320,2
HAM_0000321,3
HAM_0000322,2
HAM_0000323,1
HAM_0000324,2
HAM_0000325,1
HAM_0000326,1
HAM_0000327,1
HAM_0000328,1
HAM_0000329,1
HAM_0000330,1
HAM_0000331,1
HAM_0000332,2
HAM_0000333,1
HAM_0000334,1
HAM_0000335,1
HAM_0000336,1
HAM_0000337,2
HAM_0000338,1
HAM_0000339,1
HAM_0000340,1
HAM_0000341,1
HAM_0000342,2
HAM_0000343,1
HAM_0000344,2
HAM_0000345,1
HAM_0000346,1
HAM_0000347,1
HAM_0000348,1
HAM_0000350,1
HAM_0000351,2
HAM_0000353,1
HAM_0000354,1
HAM_0000355,1
HAM_0000357,1
HAM_0000358,1
HAM_0000359,1
HAM_0000360,1
HAM_0000362,2
HAM_0000363,1
HAM_0000364,1
HAM_0000365,1
HAM_0000366,2
HAM_0000367,1
HAM_0000368,1
HAM_0000369,1
HAM_0000370,1
HAM_0000371,1
HAM_0000372,1
HAM_0000373,2
HAM_0000374,1
HAM_0000375,2
HAM_0000376,2
HAM_0000377,1
HAM_0000378,2
HAM_0000379,1
HAM_0000380,2
HAM_0000381,1
HAM_0000382,1
HAM_0000383,3
HAM_0000384,1
HAM_0000385,1
HAM_0000386,1
HAM_0000387,1
HAM_0000388,3
HAM_0000389,1
HAM_0000390,1
HAM_0000391,3
HAM_0000392,2
HAM_0000395,2
HAM_0000396,2
HAM_0000397,3
HAM_0000398,1
HAM_0000399,1
HAM_0000400,1
HAM_0000401,1
HAM_0000402,3
HAM_0000403,1
HAM_0000404,1
HAM_0000405,1
HAM_0000406,2
HAM_0000407,3
HAM_0000408,1
HAM_0000409,1
HAM_0000410,1
HAM_0000411,1
HAM_0000412,1
HAM_0000413,1
HAM_0000414,1
HAM_0000416,1
HAM_0000417,2
HAM_0000418,1
HAM_0000419,1
HAM_0000420,1
HAM_0000421,1
HAM_0000422,1
HAM_0000423,1
HAM_0000424,1
HAM_0000425,2
HAM_0000426,1
HAM_0000427,1
HAM_0000428,1
HAM_0000429,1
HAM_0000430,1
HAM_0000431,2
HAM_0000432,2
HAM_0000433,2
HAM_0000434,1
HAM_0000435,1
HAM_0000436,1
HAM_0000437,1
HAM_0000438,1
HAM_0000439,3
HAM_0000440,1
HAM_0000441,1
HAM_0000442,1
HAM_0000443,1
HAM_0000444,1
HAM_0000445,1
HAM_0000446,1
HAM_0000447,1
HAM_0000448,2
HAM_0000449,1
HAM_0000450,1
HAM_0000452,1
HAM_0000453,1
HAM_0000454,1
HAM_0000455,1
HAM_0000458,1
HAM_0000459,1
HAM_0000461,1
HAM_0000464,3
HAM_0000465,1
HAM_0000466,1
HAM_0000467,1
HAM_0000468,3
HAM_0000469,1
HAM_0000470,1
HAM_0000471,1
HAM_0000472,1
HAM_0000473,1
HAM_0000474,1
HAM_0000475,1
HAM_0000476,2
HAM_0000477,1
HAM_0000478,1
HAM_0000479,1
HAM_0000480,1
HAM_0000481,1
HAM_0000482,1
HAM_0000483,3
HAM_0000484,1
HAM_0000485,1
HAM_0000486,1
HAM_0000487,1
HAM_0000488,1
HAM_0000489,1
HAM_0000491,1
HAM_0000492,3
HAM_0000493,1
HAM_0000495,1
HAM_0000497,1
HAM_0000499,1
HAM_0000500,2
HAM_0000503,1
HAM_0000505,2
HAM_0000506,1
HAM_0000507,1
HAM_0000508,1
HAM_0000509,4
HAM_0000510,1
HAM_0000511,1
HAM_0000513,1
HAM_0000514,1
HAM_0000515,1
HAM_0000516,1
HAM_0000517,2
HAM_0000518,1
HAM_0000519,1
HAM_0000520,1
HAM_0000521,2
HAM_0000522,1
HAM_0000523,2
HAM_0000524,2
HAM_0000525,1
HAM_0000526,1
HAM_0000527,3
HAM_0000528,1
HAM_0000529,1
HAM_0000530,1
HAM_0000531,2
HAM_0000532,1
HAM_0000533,1
HAM_0000534,2
HAM_0000535,1
HAM_0000536,2
HAM_0000537,1
HAM_0000538,1
HAM_0000539,1
HAM_0000540,1
HAM_0000541,1
HAM_0000542,1
HAM_0000543,1
HAM_0000544,1
HAM_0000546,1
HAM_0000547,3
HAM_0000548,1
HAM_0000550,1
HAM_0000551,1
HAM_0000553,3
HAM_0000555,1
HAM_0000556,3
HAM_0000557,1
HAM_0000558,1
HAM_0000559,1
HAM_0000560,1
HAM_0000561,1
HAM_0000562,1
HAM_0000563,1
HAM_0000564,1
HAM_0000565,1
HAM_0000566,1
HAM_0000567,1
HAM_0000568,1
HAM_0000569,2
HAM_0000570,1
HAM_0000571,2
HAM_0000572,1
HAM_0000573,1
HAM_0000574,1
HAM_0000575,1
HAM_0000576,1
HAM_0000577,1
HAM_0000578,2
HAM_0000579,3
HAM_0000580,1
HAM_0000581,2
HAM_0000582,1
HAM_0000583,1
HAM_0000584,1
HAM_0000585,1
HAM_0000586,1
HAM_0000587,1
HAM_0000588,2
HAM_0000589,2
HAM_0000590,1
HAM_0000591,1
HAM_0000592,1
HAM_0000593,2
HAM_0000594,1
HAM_0000595,1
HAM_0000596,1
HAM_0000597,3
HAM_0000598,1
HAM_0000599,1
HAM_0000600,1
HAM_0000601,1
HAM_0000602,1
HAM_0000603,3
HAM_0000604,1
HAM_0000605,1
HAM_0000606,1
HAM_0000607,1
HAM_0000608,1
HAM_0000609,2
HAM_0000610,1
HAM_0000611,3
HAM_0000613,1
HAM_0000614,1
HAM_0000615,1
HAM_0000616,1
HAM_0000617,1
HAM_0000618,1
HAM_0000619,1
HAM_0000620,1
HAM_0000621,1
HAM_0000622,1
HAM_0000623,1
HAM_0000624,1
HAM_0000625,1
HAM_0000626,2
HAM_0000627,1
HAM_0000628,1
HAM_0000629,1
HAM_0000630,1
HAM_0000631,1
HAM_0000632,1
HAM_0000633,1
HAM_0000634,2
HAM_0000635,1
HAM_0000636,1
HAM_0000637,1
HAM_0000638,1
HAM_0000639,2
HAM_0000640,1
HAM_0000641,1
HAM_0000642,1
HAM_0000643,1
HAM_0000644,1
HAM_0000645,2
HAM_0000646,1
HAM_0000647,1
HAM_0000648,1
HAM_0000649,1
HAM_0000650,1
HAM_0000651,1
HAM_0000652,1
HAM_0000653,1
HAM_0000654,1
HAM_0000656,1
HAM_0000657,1
HAM_0000659,1
HAM_0000660,1
HAM_0000661,1
HAM_0000662,3
HAM_0000663,1
HAM_0000664,1
HAM_0000665,1
HAM_0000666,2
HAM_0000667,1
HAM_0000668,1
HAM_0000669,1
HAM_0000670,1
HAM_0000671,1
HAM_0000672,1
HAM_0000674,1
HAM_0000675,2
HAM_0000676,2
HAM_0000677,1
HAM_0000678,1
HAM_0000679,1
HAM_0000680,1
HAM_0000681,1
HAM_0000682,1
HAM_0000684,1
HAM_0000685,1
HAM_0000686,1
HAM_0000689,2
HAM_0000690,2
HAM_0000691,1
HAM_0000692,1
HAM_0000693,1
HAM_0000694,1
HAM_0000695,1
HAM_0000696,1
HAM_0000697,1
HAM_0000698,2
HAM_0000699,1
HAM_0000700,1
HAM_0000701,1
HAM_0000702,1
HAM_0000703,1
HAM_0000704,3
HAM_0000705,1
HAM_0000706,3
HAM_0000707,2
HAM_0000708,1
HAM_0000709,3
HAM_0000710,2
HAM_0000711,1
HAM_0000712,1
HAM_0000713,1
HAM_0000714,1
HAM_0000715,1
HAM_0000716,1
HAM_0000717,1
HAM_0000721,2
HAM_0000722,1
HAM_0000723,1
HAM_0000724,1
HAM_0000725,1
HAM_0000726,1
HAM_0000727,1
HAM_0000728,1
HAM_0000729,1
HAM_0000730,1
HAM_0000731,1
HAM_0000732,1
HAM_0000733,1
HAM_0000734,1
HAM_0000735,1
HAM_0000736,1
HAM_0000737,1
HAM_0000738,1
HAM_0000739,1
HAM_0000740,1
HAM_0000741,2
HAM_0000742,1
HAM_0000743,1
HAM_0000744,3
HAM_0000745,1
HAM_0000746,1
HAM_0000747,3
HAM_0000748,1
HAM_0000749,1
HAM_0000750,1
HAM_0000751,2
HAM_0000752,2
HAM_0000753,1
HAM_0000754,2
HAM_0000755,1
HAM_0000756,1
HAM_0000758,1
HAM_0000759,2
HAM_0000760,1
HAM_0000761,1
HAM_0000762,3
HAM_0000763,1
HAM_0000764,1
HAM_0000765,1
HAM_0000766,1
HAM_0000767,1
HAM_0000768,1
HAM_0000770,1
HAM_0000771,1
HAM_0000772,2
HAM_0000773,1
HAM_0000774,1
HAM_0000775,2
HAM_0000776,1
HAM_0000777,1
HAM_0000778,3
HAM_0000779,1
HAM_0000780,1
HAM_0000782,1
HAM_0000783,1
HAM_0000784,1
HAM_0000785,1
HAM_0000786,1
HAM_0000787,1
HAM_0000788,1
HAM_0000789,1
HAM_0000790,2
HAM_0000792,1
HAM_0000793,1
HAM_0000794,1
HAM_0000796,2
HAM_0000797,1
HAM_0000798,4
HAM_0000799,3
HAM_0000800,1
HAM_0000801,1
HAM_0000802,3
HAM_0000803,1
HAM_0000804,1
HAM_0000805,2
HAM_0000806,1
HAM_0000808,1
HAM_0000809,1
HAM_0000810,1
HAM_0000811,1
HAM_0000812,1
HAM_0000813,1
HAM_0000814,2
HAM_0000815,2
HAM_0000816,1
HAM_0000817,1
HAM_0000818,1
HAM_0000819,1
HAM_0000820,1
HAM_0000821,2
HAM_0000822,1
HAM_0000824,1
HAM_0000825,1
HAM_0000826,1
HAM_0000828,1
HAM_0000829,1
HAM_0000830,1
HAM_0000831,1
HAM_0000833,2
HAM_0000834,1
HAM_0000835,6
HAM_0000836,4
HAM_0000837,2
HAM_0000838,1
HAM_0000839,1
HAM_0000840,1
HAM_0000841,1
HAM_0000842,1
HAM_0000843,1
HAM_0000844,1
HAM_0000846,1
HAM_0000847,1
HAM_0000848,1
HAM_0000849,1
HAM_0000850,1
HAM_0000851,1
HAM_0000852,1
HAM_0000853,1
HAM_0000854,1
HAM_0000855,3
HAM_0000856,2
HAM_0000857,1
HAM_0000858,1
HAM_0000860,1
HAM_0000861,2
HAM_0000862,1
HAM_0000863,2
HAM_0000864,1
HAM_0000865,1
HAM_0000866,1
HAM_0000867,1
HAM_0000869,1
HAM_0000870,1
HAM_0000871,3
HAM_0000873,1
HAM_0000874,1
HAM_0000875,1
HAM_0000876,2
HAM_0000877,1
HAM_0000878,1
HAM_0000880,2
HAM_0000881,2
HAM_0000882,1
HAM_0000883,1
HAM_0000884,1
HAM_0000885,1
HAM_0000886,2
HAM_0000887,1
HAM_0000888,2
HAM_0000889,4
HAM_0000890,1
HAM_0000891,1
HAM_0000892,2
HAM_0000893,5
HAM_0000894,1
HAM_0000895,1
HAM_0000896,2
HAM_0000897,1
HAM_0000898,1
HAM_0000899,1
HAM_0000900,2
HAM_0000901,1
HAM_0000903,1
HAM_0000904,2
HAM_0000905,1
HAM_0000906,1
HAM_0000907,2
HAM_0000908,1
HAM_0000910,2
HAM_0000911,1
HAM_0000912,1
HAM_0000913,1
HAM_0000914,1
HAM_0000916,1
HAM_0000917,2
HAM_0000919,1
HAM_0000920,1
HAM_0000921,1
HAM_0000922,2
HAM_0000923,1
HAM_0000924,2
HAM_0000925,1
HAM_0000926,1
HAM_0000927,1
HAM_0000928,2
HAM_0000929,1
HAM_0000930,2
HAM_0000932,1
HAM_0000933,2
HAM_0000935,1
HAM_0000936,1
HAM_0000937,1
HAM_0000938,1
HAM_0000939,1
HAM_0000941,1
HAM_0000942,1
HAM_0000943,1
HAM_0000944,1
HAM_0000945,1
HAM_0000946,1
HAM_0000947,2
HAM_0000948,1
HAM_0000949,1
HAM_0000950,1
HAM_0000951,1
HAM_0000952,3
HAM_0000955,1
HAM_0000956,1
HAM_0000957,1
HAM_0000958,1
HAM_0000959,4
HAM_0000960,2
HAM_0000961,2
HAM_0000962,1
HAM_0000963,1
HAM_0000964,1
HAM_0000965,2
HAM_0000966,1
HAM_0000969,1
HAM_0000970,3
HAM_0000971,2
HAM_0000972,1
HAM_0000973,1
HAM_0000974,1
HAM_0000975,1
HAM_0000976,2
HAM_0000977,2
HAM_0000978,1
HAM_0000979,1
HAM_0000980,1
HAM_0000981,1
HAM_0000983,1
HAM_0000984,1
HAM_0000985,2
HAM_0000986,1
HAM_0000988,1
HAM_0000989,1
HAM_0000990,1
HAM_0000991,1
HAM_0000992,1
HAM_0000995,1
HAM_0000996,3
HAM_0000997,1
HAM_0000999,2
HAM_0001000,1
HAM_0001001,2
HAM_0001002,2
HAM_0001003,1
HAM_0001005,1
HAM_0001006,1
HAM_0001007,1
HAM_0001008,1
HAM_0001009,1
HAM_0001010,1
HAM_0001011,2
HAM_0001012,1
HAM_0001013,1
HAM_0001014,2
HAM_0001015,1
HAM_0001016,1
HAM_0001017,1
HAM_0001019,1
HAM_0001020,1
HAM_0001021,1
HAM_0001022,1
HAM_0001024,2
HAM_0001025,1
HAM_0001026,1
HAM_0001027,3
HAM_0001028,1
HAM_0001029,1
HAM_0001030,1
HAM_0001031,2
HAM_0001032,1
HAM_0001033,1
HAM_0001034,1
HAM_0001035,1
HAM_0001037,2
HAM_0001039,1
HAM_0001040,3
HAM_0001041,2
HAM_0001042,1
HAM_0001043,1
HAM_0001044,1
HAM_0001045,1
HAM_0001046,3
HAM_0001047,1
HAM_0001049,1
HAM_0001050,1
HAM_0001051,1
HAM_0001052,1
HAM_0001053,1
HAM_0001054,1
HAM_0001055,1
HAM_0001056,1
HAM_0001057,2
HAM_0001058,1
HAM_0001059,1
HAM_0001060,1
HAM_0001061,1
HAM_0001062,1
HAM_0001063,1
HAM_0001064,1
HAM_0001065,1
HAM_0001066,1
HAM_0001067,1
HAM_0001068,1
HAM_0001069,2
HAM_0001070,1
HAM_0001071,1
HAM_0001072,1
HAM_0001073,1
HAM_0001074,1
HAM_0001075,1
HAM_0001076,2
HAM_0001077,2
HAM_0001079,1
HAM_0001080,1
HAM_0001081,1
HAM_0001082,1
HAM_0001083,2
HAM_0001084,1
HAM_0001085,1
HAM_0001086,1
HAM_0001087,1
HAM_0001088,2
HAM_0001089,1
HAM_0001090,1
HAM_0001092,1
HAM_0001093,1
HAM_0001094,1
HAM_0001095,1
HAM_0001096,1
HAM_0001097,2
HAM_0001098,1
HAM_0001099,1
HAM_0001100,2
HAM_0001101,1
HAM_0001102,1
HAM_0001103,1
HAM_0001104,2
HAM_0001105,3
HAM_0001106,2
HAM_0001107,2
HAM_0001108,1
HAM_0001109,1
HAM_0001110,1
HAM_0001111,1
HAM_0001112,1
HAM_0001113,1
HAM_0001114,1
HAM_0001115,1
HAM_0001116,1
HAM_0001117,1
HAM_0001118,1
HAM_0001120,1
HAM_0001121,1
HAM_0001123,1
HAM_0001124,1
HAM_0001125,2
HAM_0001126,2
HAM_0001127,1
HAM_0001128,1
HAM_0001130,2
HAM_0001131,1
HAM_0001132,1
HAM_0001133,3
HAM_0001134,1
HAM_0001135,1
HAM_0001136,1
HAM_0001137,2
HAM_0001139,1
HAM_0001140,1
HAM_0001141,2
HAM_0001142,2
HAM_0001143,1
HAM_0001144,1
HAM_0001145,1
HAM_0001146,1
HAM_0001147,1
HAM_0001148,1
HAM_0001149,1
HAM_0001150,1
HAM_0001151,1
HAM_0001153,1
HAM_0001154,2
HAM_0001155,1
HAM_0001156,1
HAM_0001157,3
HAM_0001158,1
HAM_0001159,1
HAM_0001160,2
HAM_0001161,1
HAM_0001162,1
HAM_0001163,1
HAM_0001165,1
HAM_0001166,1
HAM_0001167,1
HAM_0001168,1
HAM_0001169,2
HAM_0001170,1
HAM_0001171,1
HAM_0001172,1
HAM_0001174,1
HAM_0001175,2
HAM_0001179,1
HAM_0001180,1
HAM_0001181,1
HAM_0001182,1
HAM_0001184,1
HAM_0001185,1
HAM_0001186,1
HAM_0001187,1
HAM_0001188,1
HAM_0001189,1
HAM_0001190,2
HAM_0001191,1
HAM_0001192,2
HAM_0001193,1
HAM_0001194,1
HAM_0001195,1
HAM_0001196,1
HAM_0001197,1
HAM_0001198,1
HAM_0001199,1
HAM_0001200,1
HAM_0001201,1
HAM_0001202,2
HAM_0001203,2
HAM_0001204,1
HAM_0001205,1
HAM_0001206,1
HAM_0001207,1
HAM_0001208,1
HAM_0001209,1
HAM_0001210,1
HAM_0001211,1
HAM_0001212,1
HAM_0001213,1
HAM_0001214,1
HAM_0001216,1
HAM_0001218,3
HAM_0001220,2
HAM_0001221,2
HAM_0001222,1
HAM_0001223,1
HAM_0001224,1
HAM_0001225,1
HAM_0001226,1
HAM_0001227,1
HAM_0001228,1
HAM_0001229,1
HAM_0001230,1
HAM_0001231,1
HAM_0001232,1
HAM_0001233,1
HAM_0001235,1
HAM_0001236,1
HAM_0001240,1
HAM_0001241,1
HAM_0001242,1
HAM_0001244,1
HAM_0001245,2
HAM_0001246,3
HAM_0001247,1
HAM_0001248,2
HAM_0001251,1
HAM_0001252,1
HAM_0001253,1
HAM_0001254,1
HAM_0001255,1
HAM_0001256,1
HAM_0001257,1
HAM_0001259,1
HAM_0001260,1
HAM_0001261,1
HAM_0001262,1
HAM_0001263,1
HAM_0001264,3
HAM_0001265,2
HAM_0001266,1
HAM_0001267,1
HAM_0001268,1
HAM_0001269,1
HAM_0001270,1
HAM_0001271,1
HAM_0001272,2
HAM_0001273,1
HAM_0001274,1
HAM_0001275,1
HAM_0001276,1
HAM_0001278,1
HAM_0001279,2
HAM_0001280,2
HAM_0001281,1
HAM_0001282,1
HAM_0001284,2
HAM_0001285,1
HAM_0001286,1
HAM_0001287,1
HAM_0001288,1
HAM_0001289,1
HAM_0001290,1
HAM_0001291,1
HAM_0001292,2
HAM_0001293,1
HAM_0001294,2
HAM_0001295,1
HAM_0001297,2
HAM_0001298,1
HAM_0001299,2
HAM_0001300,1
HAM_0001303,1
HAM_0001304,1
HAM_0001305,1
HAM_0001306,2
HAM_0001307,1
HAM_0001308,1
HAM_0001309,3
HAM_0001310,1
HAM_0001311,1
HAM_0001312,2
HAM_0001313,1
HAM_0001314,1
HAM_0001315,1
HAM_0001316,1
HAM_0001317,1
HAM_0001318,2
HAM_0001319,2
HAM_0001320,1
HAM_0001321,3
HAM_0001322,1
HAM_0001323,1
HAM_0001324,1
HAM_0001325,1
HAM_0001327,1
HAM_0001328,1
HAM_0001329,2
HAM_0001330,1
HAM_0001332,1
HAM_0001333,1
HAM_0001334,2
HAM_0001335,1
HAM_0001336,1
HAM_0001338,1
HAM_0001339,1
HAM_0001340,1
HAM_0001341,1
HAM_0001342,2
HAM_0001344,2
HAM_0001345,1
HAM_0001346,1
HAM_0001347,1
HAM_0001348,1
HAM_0001349,3
HAM_0001350,1
HAM_0001351,1
HAM_0001352,1
HAM_0001353,2
HAM_0001354,1
HAM_0001355,1
HAM_0001356,2
HAM_0001357,1
HAM_0001358,3
HAM_0001359,2
HAM_0001360,1
HAM_0001361,2
HAM_0001362,1
HAM_0001363,1
HAM_0001364,1
HAM_0001365,1
HAM_0001366,1
HAM_0001367,1
HAM_0001368,1
HAM_0001370,1
HAM_0001371,1
HAM_0001373,1
HAM_0001374,1
HAM_0001375,1
HAM_0001376,1
HAM_0001377,1
HAM_0001378,1
HAM_0001379,1
HAM_0001380,1
HAM_0001381,2
HAM_0001382,1
HAM_0001384,3
HAM_0001385,3
HAM_0001387,1
HAM_0001389,1
HAM_0001391,1
HAM_0001392,1
HAM_0001393,2
HAM_0001394,1
HAM_0001395,1
HAM_0001396,1
HAM_0001397,1
HAM_0001398,1
HAM_0001399,1
HAM_0001400,3
HAM_0001401,1
HAM_0001402,1
HAM_0001403,1
HAM_0001404,1
HAM_0001405,3
HAM_0001406,2
HAM_0001407,1
HAM_0001408,1
HAM_0001409,1
HAM_0001410,2
HAM_0001411,1
HAM_0001412,2
HAM_0001413,1
HAM_0001414,1
HAM_0001417,2
HAM_0001418,1
HAM_0001419,1
HAM_0001420,1
HAM_0001421,1
HAM_0001422,1
HAM_0001423,1
HAM_0001425,1
HAM_0001426,1
HAM_0001427,1
HAM_0001428,1
HAM_0001429,1
HAM_0001430,1
HAM_0001431,1
HAM_0001432,1
HAM_0001433,1
HAM_0001435,1
HAM_0001436,1
HAM_0001437,2
HAM_0001438,1
HAM_0001439,1
HAM_0001441,1
HAM_0001442,1
HAM_0001443,1
HAM_0001444,2
HAM_0001445,1
HAM_0001446,1
HAM_0001447,1
HAM_0001448,1
HAM_0001449,1
HAM_0001450,1
HAM_0001451,1
HAM_0001452,1
HAM_0001454,2
HAM_0001455,2
HAM_0001456,2
HAM_0001458,1
HAM_0001459,1
HAM_0001461,1
HAM_0001462,1
HAM_0001463,1
HAM_0001464,1
HAM_0001465,3
HAM_0001466,2
HAM_0001467,1
HAM_0001468,1
HAM_0001469,2
HAM_0001470,1
HAM_0001471,1
HAM_0001472,1
HAM_0001473,1
HAM_0001475,1
HAM_0001476,1
HAM_0001477,1
HAM_0001478,1
HAM_0001479,2
HAM_0001480,2
HAM_0001481,1
HAM_0001482,1
HAM_0001483,1
HAM_0001484,3
HAM_0001485,1
HAM_0001486,1
HAM_0001487,1
HAM_0001489,1
HAM_0001490,1
HAM_0001491,1
HAM_0001492,1
HAM_0001493,1
HAM_0001494,1
HAM_0001496,1
HAM_0001497,2
HAM_0001498,2
HAM_0001500,1
HAM_0001501,1
HAM_0001502,1
HAM_0001504,1
HAM_0001506,3
HAM_0001507,3
HAM_0001508,1
HAM_0001509,3
HAM_0001510,1
HAM_0001511,3
HAM_0001512,4
HAM_0001513,1
HAM_0001514,1
HAM_0001515,1
HAM_0001516,1
HAM_0001517,1
HAM_0001518,1
HAM_0001519,1
HAM_0001521,1
HAM_0001522,1
HAM_0001523,1
HAM_0001524,1
HAM_0001525,3
HAM_0001527,1
HAM_0001529,2
HAM_0001530,1
HAM_0001531,2
HAM_0001532,1
HAM_0001533,1
HAM_0001534,1
HAM_0001535,1
HAM_0001536,2
HAM_0001538,1
HAM_0001539,1
HAM_0001540,1
HAM_0001541,2
HAM_0001542,1
HAM_0001543,1
HAM_0001544,1
HAM_0001545,1
HAM_0001546,1
HAM_0001547,2
HAM_0001548,1
HAM_0001549,1
HAM_0001550,1
HAM_0001551,1
HAM_0001552,2
HAM_0001553,1
HAM_0001554,1
HAM_0001555,1
HAM_0001556,1
HAM_0001557,1
HAM_0001558,1
HAM_0001559,1
HAM_0001560,1
HAM_0001561,1
HAM_0001562,2
HAM_0001563,1
HAM_0001564,1
HAM_0001567,2
HAM_0001568,1
HAM_0001569,1
HAM_0001570,2
HAM_0001571,1
HAM_0001572,1
HAM_0001574,1
HAM_0001577,1
HAM_0001578,1
HAM_0001579,1
HAM_0001580,1
HAM_0001581,1
HAM_0001582,1
HAM_0001583,1
HAM_0001584,1
HAM_0001585,1
HAM_0001586,1
HAM_0001587,1
HAM_0001588,1
HAM_0001589,1
HAM_0001590,1
HAM_0001591,1
HAM_0001592,1
HAM_0001594,1
HAM_0001595,1
HAM_0001596,2
HAM_0001597,2
HAM_0001598,2
HAM_0001599,1
HAM_0001600,2
HAM_0001601,2
HAM_0001602,1
HAM_0001603,1
HAM_0001604,2
HAM_0001605,2
HAM_0001606,1
HAM_0001607,1
HAM_0001608,3
HAM_0001609,2
HAM_0001611,1
HAM_0001612,1
HAM_0001613,2
HAM_0001614,1
HAM_0001615,3
HAM_0001617,1
HAM_0001619,1
HAM_0001620,1
HAM_0001622,1
HAM_0001623,2
HAM_0001626,1
HAM_0001627,1
HAM_0001628,1
HAM_0001629,1
HAM_0001630,1
HAM_0001631,1
HAM_0001632,1
HAM_0001633,2
HAM_0001634,1
HAM_0001635,1
HAM_0001636,1
HAM_0001637,1
HAM_0001638,1
HAM_0001639,1
HAM_0001641,3
HAM_0001642,1
HAM_0001643,1
HAM_0001644,1
HAM_0001645,2
HAM_0001646,1
HAM_0001647,2
HAM_0001648,1
HAM_0001650,1
HAM_0001651,3
HAM_0001652,1
HAM_0001653,1
HAM_0001655,1
HAM_0001656,1
HAM_0001657,1
HAM_0001658,1
HAM_0001659,1
HAM_0001660,1
HAM_0001661,1
HAM_0001662,1
HAM_0001663,1
HAM_0001664,1
HAM_0001665,2
HAM_0001667,2
HAM_0001668,1
HAM_0001669,2
HAM_0001670,1
HAM_0001671,2
HAM_0001672,1
HAM_0001673,2
HAM_0001674,1
HAM_0001675,1
HAM_0001676,1
HAM_0001677,1
HAM_0001678,1
HAM_0001679,1
HAM_0001680,2
HAM_0001681,1
HAM_0001682,1
HAM_0001683,3
HAM_0001684,2
HAM_0001685,1
HAM_0001686,1
HAM_0001687,1
HAM_0001688,1
HAM_0001689,2
HAM_0001690,1
HAM_0001691,1
HAM_0001692,3
HAM_0001695,1
HAM_0001696,2
HAM_0001697,2
HAM_0001698,1
HAM_0001699,1
HAM_0001700,1
HAM_0001701,2
HAM_0001702,2
HAM_0001703,2
HAM_0001704,1
HAM_0001705,1
HAM_0001706,1
HAM_0001708,2
HAM_0001709,1
HAM_0001710,1
HAM_0001712,2
HAM_0001714,1
HAM_0001715,3
HAM_0001716,1
HAM_0001717,1
HAM_0001718,1
HAM_0001720,2
HAM_0001721,4
HAM_0001722,1
HAM_0001723,1
HAM_0001724,1
HAM_0001725,1
HAM_0001726,3
HAM_0001727,1
HAM_0001728,1
HAM_0001729,2
HAM_0001730,2
HAM_0001731,1
HAM_0001732,1
HAM_0001733,3
HAM_0001734,3
HAM_0001735,1
HAM_0001736,1
HAM_0001737,2
HAM_0001738,1
HAM_0001739,2
HAM_0001740,3
HAM_0001741,2
HAM_0001742,1
HAM_0001743,1
HAM_0001744,3
HAM_0001745,2
HAM_0001746,1
HAM_0001747,2
HAM_0001748,1
HAM_0001750,1
HAM_0001751,1
HAM_0001752,1
HAM_0001753,1
HAM_0001754,1
HAM_0001755,1
HAM_0001756,1
HAM_0001757,1
HAM_0001758,1
HAM_0001760,1
HAM_0001761,1
HAM_0001762,1
HAM_0001763,1
HAM_0001764,2
HAM_0001765,2
HAM_0001766,1
HAM_0001767,2
HAM_0001768,1
HAM_0001769,1
HAM_0001770,1
HAM_0001771,1
HAM_0001772,2
HAM_0001773,2
HAM_0001774,1
HAM_0001775,1
HAM_0001776,1
HAM_0001777,3
HAM_0001778,1
HAM_0001779,1
HAM_0001781,4
HAM_0001782,1
HAM_0001783,1
HAM_0001784,1
HAM_0001787,1
HAM_0001788,1
HAM_0001789,1
HAM_0001790,2
HAM_0001791,2
HAM_0001792,1
HAM_0001793,2
HAM_0001794,1
HAM_0001795,1
HAM_0001796,2
HAM_0001797,1
HAM_0001798,1
HAM_0001799,1
HAM_0001800,1
HAM_0001801,2
HAM_0001802,1
HAM_0001803,3
HAM_0001804,1
HAM_0001805,1
HAM_0001806,1
HAM_0001807,1
HAM_0001808,3
HAM_0001809,1
HAM_0001810,1
HAM_0001811,2
HAM_0001812,1
HAM_0001813,2
HAM_0001814,2
HAM_0001815,2
HAM_0001816,1
HAM_0001817,3
HAM_0001818,1
HAM_0001819,2
HAM_0001820,2
HAM_0001821,1
HAM_0001822,1
HAM_0001823,1
HAM_0001824,3
HAM_0001825,1
HAM_0001826,1
HAM_0001827,1
HAM_0001828,1
HAM_0001829,1
HAM_0001830,2
HAM_0001831,1
HAM_0001832,1
HAM_0001833,1
HAM_0001834,1
HAM_0001835,3
HAM_0001836,1
HAM_0001837,2
HAM_0001838,1
HAM_0001839,2
HAM_0001840,1
HAM_0001842,1
HAM_0001843,1
HAM_0001844,1
HAM_0001845,1
HAM_0001846,2
HAM_0001847,2
HAM_0001848,1
HAM_0001849,2
HAM_0001850,1
HAM_0001851,1
HAM_0001853,1
HAM_0001854,1
HAM_0001855,2
HAM_0001856,1
HAM_0001857,1
HAM_0001858,2
HAM_0001859,1
HAM_0001861,1
HAM_0001862,1
HAM_0001863,6
HAM_0001864,1
HAM_0001865,1
HAM_0001866,1
HAM_0001867,1
HAM_0001868,1
HAM_0001869,2
HAM_0001870,3
HAM_0001871,1
HAM_0001872,3
HAM_0001873,1
HAM_0001874,1
HAM_0001875,1
HAM_0001876,1
HAM_0001877,1
HAM_0001878,2
HAM_0001879,1
HAM_0001880,1
HAM_0001881,2
HAM_0001882,1
HAM_0001883,2
HAM_0001885,1
HAM_0001886,1
HAM_0001887,1
HAM_0001888,1
HAM_0001889,3
HAM_0001891,2
HAM_0001893,1
HAM_0001895,3
HAM_0001896,1
HAM_0001897,1
HAM_0001898,1
HAM_0001899,1
HAM_0001901,1
HAM_0001902,2
HAM_0001904,1
HAM_0001905,3
HAM_0001906,1
HAM_0001908,2
HAM_0001909,1
HAM_0001910,2
HAM_0001911,1
HAM_0001912,2
HAM_0001913,1
HAM_0001914,2
HAM_0001915,1
HAM_0001916,2
HAM_0001917,1
HAM_0001918,1
HAM_0001919,1
HAM_0001921,1
HAM_0001923,1
HAM_0001924,1
HAM_0001925,1
HAM_0001927,1
HAM_0001928,3
HAM_0001929,1
HAM_0001930,3
HAM_0001931,1
HAM_0001932,1
HAM_0001933,1
HAM_0001934,4
HAM_0001935,3
HAM_0001936,2
HAM_0001937,1
HAM_0001938,1
HAM_0001939,1
HAM_0001940,1
HAM_0001941,1
HAM_0001942,1
HAM_0001943,4
HAM_0001944,1
HAM_0001945,1
HAM_0001946,1
HAM_0001947,1
HAM_0001948,3
HAM_0001949,2
HAM_0001950,1
HAM_0001951,1
HAM_0001952,1
HAM_0001953,2
HAM_0001954,2
HAM_0001955,1
HAM_0001956,2
HAM_0001957,1
HAM_0001958,1
HAM_0001959,1
HAM_0001960,1
HAM_0001961,1
HAM_0001962,1
HAM_0001963,1
HAM_0001964,2
HAM_0001965,1
HAM_0001966,1
HAM_0001968,2
HAM_0001969,1
HAM_0001970,1
HAM_0001971,2
HAM_0001972,1
HAM_0001973,1
HAM_0001974,2
HAM_0001975,2
HAM_0001976,2
HAM_0001977,1
HAM_0001978,1
HAM_0001979,1
HAM_0001980,1
HAM_0001981,1
HAM_0001982,2
HAM_0001983,1
HAM_0001984,1
HAM_0001985,1
HAM_0001986,2
HAM_0001987,1
HAM_0001988,1
HAM_0001989,1
HAM_0001990,1
HAM_0001991,1
HAM_0001992,1
HAM_0001993,1
HAM_0001994,3
HAM_0001995,1
HAM_0001996,1
HAM_0001997,1
HAM_0001998,1
HAM_0001999,1
HAM_0002000,1
HAM_0002001,1
HAM_0002002,1
HAM_0002003,1
HAM_0002004,2
HAM_0002005,1
HAM_0002006,1
HAM_0002007,2
HAM_0002008,4
HAM_0002009,3
HAM_0002011,2
HAM_0002013,1
HAM_0002014,1
HAM_0002015,3
HAM_0002016,3
HAM_0002019,1
HAM_0002020,1
HAM_0002022,1
HAM_0002023,1
HAM_0002025,3
HAM_0002026,1
HAM_0002027,1
HAM_0002028,1
HAM_0002029,1
HAM_0002030,3
HAM_0002031,2
HAM_0002032,1
HAM_0002033,2
HAM_0002034,1
HAM_0002035,1
HAM_0002036,1
HAM_0002037,1
HAM_0002038,1
HAM_0002039,1
HAM_0002040,3
HAM_0002041,1
HAM_0002042,4
HAM_0002043,1
HAM_0002044,1
HAM_0002046,1
HAM_0002047,1
HAM_0002048,1
HAM_0002049,1
HAM_0002050,1
HAM_0002051,2
HAM_0002052,1
HAM_0002053,1
HAM_0002054,1
HAM_0002055,1
HAM_0002056,1
HAM_0002058,1
HAM_0002059,1
HAM_0002060,1
HAM_0002062,1
HAM_0002063,1
HAM_0002064,1
HAM_0002065,1
HAM_0002066,1
HAM_0002067,2
HAM_0002068,1
HAM_0002071,1
HAM_0002072,1
HAM_0002073,1
HAM_0002074,2
HAM_0002075,1
HAM_0002076,1
HAM_0002077,1
HAM_0002078,1
HAM_0002079,1
HAM_0002080,1
HAM_0002081,1
HAM_0002082,1
HAM_0002084,2
HAM_0002085,1
HAM_0002086,2
HAM_0002087,1
HAM_0002088,1
HAM_0002089,1
HAM_0002090,1
HAM_0002091,1
HAM_0002092,2
HAM_0002093,1
HAM_0002095,1
HAM_0002096,2
HAM_0002097,2
HAM_0002098,1
HAM_0002099,2
HAM_0002100,1
HAM_0002101,1
HAM_0002102,1
HAM_0002103,1
HAM_0002104,1
HAM_0002105,1
HAM_0002106,2
HAM_0002107,1
HAM_0002108,1
HAM_0002109,1
HAM_0002110,1
HAM_0002111,1
HAM_0002112,1
HAM_0002113,1
HAM_0002114,1
HAM_0002115,1
HAM_0002116,1
HAM_0002117,1
HAM_0002118,1
HAM_0002119,1
HAM_0002120,2
HAM_0002121,1
HAM_0002122,1
HAM_0002123,1
HAM_0002124,1
HAM_0002125,1
HAM_0002126,1
HAM_0002127,2
HAM_0002128,2
HAM_0002130,1
HAM_0002131,2
HAM_0002132,1
HAM_0002133,1
HAM_0002135,2
HAM_0002136,3
HAM_0002137,1
HAM_0002138,1
HAM_0002139,2
HAM_0002140,1
HAM_0002141,1
HAM_0002142,1
HAM_0002143,1
HAM_0002144,1
HAM_0002145,1
HAM_0002146,1
HAM_0002147,1
HAM_0002148,1
HAM_0002149,1
HAM_0002150,1
HAM_0002151,1
HAM_0002152,1
HAM_0002154,4
HAM_0002155,1
HAM_0002156,1
HAM_0002157,1
HAM_0002159,2
HAM_0002160,1
HAM_0002161,1
HAM_0002162,1
HAM_0002163,1
HAM_0002164,1
HAM_0002165,1
HAM_0002166,1
HAM_0002168,1
HAM_0002169,2
HAM_0002170,3
HAM_0002171,1
HAM_0002172,1
HAM_0002173,1
HAM_0002174,1
HAM_0002175,1
HAM_0002176,2
HAM_0002178,1
HAM_0002179,1
HAM_0002180,1
HAM_0002181,1
HAM_0002182,2
HAM_0002183,1
HAM_0002184,1
HAM_0002186,1
HAM_0002187,2
HAM_0002188,1
HAM_0002189,1
HAM_0002190,1
HAM_0002191,1
HAM_0002192,1
HAM_0002193,2
HAM_0002194,2
HAM_0002195,1
HAM_0002196,2
HAM_0002197,1
HAM_0002198,2
HAM_0002199,1
HAM_0002200,1
HAM_0002201,1
HAM_0002202,1
HAM_0002203,1
HAM_0002205,2
HAM_0002206,2
HAM_0002207,2
HAM_0002208,3
HAM_0002209,1
HAM_0002210,1
HAM_0002211,1
HAM_0002212,1
HAM_0002213,1
HAM_0002214,1
HAM_0002215,1
HAM_0002216,2
HAM_0002217,2
HAM_0002219,1
HAM_0002220,1
HAM_0002221,1
HAM_0002222,1
HAM_0002223,1
HAM_0002225,1
HAM_0002226,1
HAM_0002227,1
HAM_0002228,1
HAM_0002229,1
HAM_0002230,1
HAM_0002231,1
HAM_0002233,1
HAM_0002234,1
HAM_0002235,3
HAM_0002236,1
HAM_0002237,1
HAM_0002238,2
HAM_0002239,1
HAM_0002241,1
HAM_0002242,1
HAM_0002244,2
HAM_0002245,1
HAM_0002246,1
HAM_0002247,1
HAM_0002248,1
HAM_0002249,1
HAM_0002250,1
HAM_0002251,1
HAM_0002252,1
HAM_0002253,3
HAM_0002254,1
HAM_0002255,1
HAM_0002256,1
HAM_0002257,2
HAM_0002259,1
HAM_0002260,1
HAM_0002262,1
HAM_0002263,1
HAM_0002264,1
HAM_0002265,1
HAM_0002266,1
HAM_0002267,1
HAM_0002268,2
HAM_0002270,1
HAM_0002271,3
HAM_0002272,1
HAM_0002273,1
HAM_0002274,1
HAM_0002275,1
HAM_0002276,1
HAM_0002277,1
HAM_0002278,1
HAM_0002279,1
HAM_0002280,1
HAM_0002281,1
HAM_0002282,1
HAM_0002283,1
HAM_0002284,2
HAM_0002285,1
HAM_0002286,1
HAM_0002287,1
HAM_0002288,1
HAM_0002289,1
HAM_0002290,1
HAM_0002291,1
HAM_0002292,1
HAM_0002293,1
HAM_0002294,1
HAM_0002295,2
HAM_0002296,2
HAM_0002297,1
HAM_0002298,1
HAM_0002299,2
HAM_0002300,3
HAM_0002301,2
HAM_0002302,1
HAM_0002303,2
HAM_0002304,1
HAM_0002305,1
HAM_0002306,1
HAM_0002308,1
HAM_0002309,1
HAM_0002310,1
HAM_0002311,1
HAM_0002314,1
HAM_0002315,1
HAM_0002316,1
HAM_0002317,1
HAM_0002318,1
HAM_0002319,2
HAM_0002320,1
HAM_0002321,1
HAM_0002322,1
HAM_0002323,2
HAM_0002324,1
HAM_0002325,2
HAM_0002326,2
HAM_0002327,3
HAM_0002328,1
HAM_0002329,2
HAM_0002330,1
HAM_0002331,1
HAM_0002332,2
HAM_0002333,1
HAM_0002335,2
HAM_0002336,1
HAM_0002337,1
HAM_0002338,1
HAM_0002339,1
HAM_0002340,1
HAM_0002341,1
HAM_0002342,3
HAM_0002344,1
HAM_0002345,1
HAM_0002347,1
HAM_0002348,2
HAM_0002349,2
HAM_0002350,2
HAM_0002351,1
HAM_0002352,1
HAM_0002353,1
HAM_0002354,1
HAM_0002355,1
HAM_0002356,1
HAM_0002357,2
HAM_0002358,2
HAM_0002359,1
HAM_0002360,1
HAM_0002361,1
HAM_0002362,1
HAM_0002363,3
HAM_0002364,5
HAM_0002366,1
HAM_0002367,3
HAM_0002368,2
HAM_0002369,1
HAM_0002370,2
HAM_0002371,1
HAM_0002372,3
HAM_0002373,1
HAM_0002374,1
HAM_0002375,2
HAM_0002377,2
HAM_0002378,1
HAM_0002379,1
HAM_0002380,1
HAM_0002381,1
HAM_0002382,1
HAM_0002383,1
HAM_0002384,1
HAM_0002385,1
HAM_0002386,3
HAM_0002387,1
HAM_0002388,1
HAM_0002389,1
HAM_0002391,3
HAM_0002392,1
HAM_0002393,1
HAM_0002394,1
HAM_0002395,1
HAM_0002396,1
HAM_0002398,1
HAM_0002399,1
HAM_0002400,2
HAM_0002401,1
HAM_0002402,1
HAM_0002403,1
HAM_0002404,1
HAM_0002405,1
HAM_0002406,1
HAM_0002407,1
HAM_0002408,2
HAM_0002409,2
HAM_0002410,1
HAM_0002411,1
HAM_0002412,1
HAM_0002413,1
HAM_0002414,1
HAM_0002415,1
HAM_0002416,2
HAM_0002417,2
HAM_0002418,1
HAM_0002419,1
HAM_0002420,1
HAM_0002422,1
HAM_0002423,3
HAM_0002424,1
HAM_0002425,2
HAM_0002426,1
HAM_0002428,1
HAM_0002429,1
HAM_0002430,3
HAM_0002431,3
HAM_0002432,1
HAM_0002433,1
HAM_0002434,3
HAM_0002435,1
HAM_0002436,2
HAM_0002437,1
HAM_0002438,1
HAM_0002439,1
HAM_0002440,1
HAM_0002442,1
HAM_0002443,1
HAM_0002444,1
HAM_0002445,1
HAM_0002446,1
HAM_0002448,3
HAM_0002449,1
HAM_0002451,1
HAM_0002452,1
HAM_0002453,1
HAM_0002454,1
HAM_0002455,1
HAM_0002456,1
HAM_0002457,1
HAM_0002458,1
HAM_0002459,1
HAM_0002460,1
HAM_0002462,2
HAM_0002464,1
HAM_0002465,1
HAM_0002466,1
HAM_0002468,1
HAM_0002469,1
HAM_0002470,2
HAM_0002471,2
HAM_0002473,1
HAM_0002474,1
HAM_0002475,1
HAM_0002476,2
HAM_0002477,1
HAM_0002478,1
HAM_0002479,1
HAM_0002480,2
HAM_0002481,1
HAM_0002482,1
HAM_0002483,1
HAM_0002484,2
HAM_0002485,1
HAM_0002486,1
HAM_0002487,1
HAM_0002488,2
HAM_0002489,2
HAM_0002490,2
HAM_0002491,2
HAM_0002492,1
HAM_0002493,2
HAM_0002494,1
HAM_0002495,1
HAM_0002496,1
HAM_0002497,1
HAM_0002499,1
HAM_0002500,1
HAM_0002501,3
HAM_0002502,3
HAM_0002503,1
HAM_0002504,1
HAM_0002505,1
HAM_0002508,1
HAM_0002509,2
HAM_0002510,1
HAM_0002511,2
HAM_0002512,1
HAM_0002513,1
HAM_0002514,1
HAM_0002515,1
HAM_0002516,1
HAM_0002517,1
HAM_0002518,1
HAM_0002519,3
HAM_0002520,1
HAM_0002521,2
HAM_0002522,1
HAM_0002523,1
HAM_0002524,1
HAM_0002525,2
HAM_0002527,1
HAM_0002528,1
HAM_0002529,1
HAM_0002530,1
HAM_0002531,1
HAM_0002532,1
HAM_0002533,1
HAM_0002534,3
HAM_0002535,1
HAM_0002536,1
HAM_0002537,1
HAM_0002539,1
HAM_0002540,1
HAM_0002541,1
HAM_0002542,1
HAM_0002543,1
HAM_0002544,1
HAM_0002545,1
HAM_0002547,2
HAM_0002548,2
HAM_0002549,1
HAM_0002550,1
HAM_0002552,3
HAM_0002553,1
HAM_0002554,2
HAM_0002555,1
HAM_0002556,2
HAM_0002557,1
HAM_0002561,1
HAM_0002562,1
HAM_0002563,1
HAM_0002564,1
HAM_0002566,2
HAM_0002567,2
HAM_0002568,1
HAM_0002569,1
HAM_0002570,1
HAM_0002571,2
HAM_0002572,2
HAM_0002573,1
HAM_0002574,3
HAM_0002575,2
HAM_0002576,2
HAM_0002578,1
HAM_0002579,1
HAM_0002580,1
HAM_0002581,2
HAM_0002582,2
HAM_0002583,1
HAM_0002584,1
HAM_0002585,1
HAM_0002586,1
HAM_0002587,2
HAM_0002588,1
HAM_0002589,2
HAM_0002590,1
HAM_0002591,2
HAM_0002592,1
HAM_0002593,1
HAM_0002594,1
HAM_0002595,1
HAM_0002596,2
HAM_0002597,1
HAM_0002598,1
HAM_0002599,1
HAM_0002600,1
HAM_0002601,1
HAM_0002602,1
HAM_0002603,1
HAM_0002604,1
HAM_0002605,1
HAM_0002606,1
HAM_0002607,1
HAM_0002608,1
HAM_0002609,2
HAM_0002612,1
HAM_0002613,3
HAM_0002614,1
HAM_0002616,2
HAM_0002617,3
HAM_0002618,1
HAM_0002619,1
HAM_0002620,1
HAM_0002621,1
HAM_0002622,1
HAM_0002623,1
HAM_0002624,1
HAM_0002626,1
HAM_0002627,1
HAM_0002628,3
HAM_0002629,1
HAM_0002630,1
HAM_0002631,1
HAM_0002632,1
HAM_0002633,1
HAM_0002634,1
HAM_0002635,1
HAM_0002636,1
HAM_0002637,1
HAM_0002638,1
HAM_0002640,1
HAM_0002641,3
HAM_0002642,1
HAM_0002643,1
HAM_0002645,3
HAM_0002647,2
HAM_0002649,1
HAM_0002651,1
HAM_0002652,2
HAM_0002653,1
HAM_0002654,1
HAM_0002656,1
HAM_0002657,1
HAM_0002658,2
HAM_0002659,1
HAM_0002660,1
HAM_0002661,3
HAM_0002662,1
HAM_0002663,1
HAM_0002665,1
HAM_0002667,1
HAM_0002668,2
HAM_0002669,1
HAM_0002670,2
HAM_0002671,3
HAM_0002673,1
HAM_0002674,1
HAM_0002675,3
HAM_0002676,1
HAM_0002677,1
HAM_0002678,1
HAM_0002679,1
HAM_0002680,1
HAM_0002681,1
HAM_0002682,1
HAM_0002683,1
HAM_0002684,1
HAM_0002685,1
HAM_0002686,1
HAM_0002687,1
HAM_0002688,1
HAM_0002690,1
HAM_0002691,1
HAM_0002693,1
HAM_0002694,1
HAM_0002695,1
HAM_0002696,2
HAM_0002697,1
HAM_0002698,2
HAM_0002700,1
HAM_0002701,2
HAM_0002702,1
HAM_0002703,1
HAM_0002704,1
HAM_0002707,1
HAM_0002708,2
HAM_0002709,1
HAM_0002710,1
HAM_0002711,2
HAM_0002712,1
HAM_0002713,1
HAM_0002714,2
HAM_0002715,2
HAM_0002716,1
HAM_0002718,1
HAM_0002719,1
HAM_0002720,1
HAM_0002721,3
HAM_0002722,3
HAM_0002723,2
HAM_0002724,2
HAM_0002725,1
HAM_0002726,2
HAM_0002727,1
HAM_0002728,1
HAM_0002729,2
HAM_0002730,2
HAM_0002731,1
HAM_0002732,3
HAM_0002735,1
HAM_0002737,1
HAM_0002738,1
HAM_0002739,1
HAM_0002740,1
HAM_0002741,1
HAM_0002742,1
HAM_0002743,1
HAM_0002746,1
HAM_0002747,1
HAM_0002748,1
HAM_0002749,1
HAM_0002750,3
HAM_0002751,1
HAM_0002752,1
HAM_0002753,1
HAM_0002754,2
HAM_0002755,2
HAM_0002756,1
HAM_0002757,2
HAM_0002758,1
HAM_0002759,2
HAM_0002760,1
HAM_0002761,2
HAM_0002762,1
HAM_0002763,1
HAM_0002764,1
HAM_0002765,1
HAM_0002766,1
HAM_0002767,1
HAM_0002768,2
HAM_0002769,1
HAM_0002770,2
HAM_0002772,2
HAM_0002773,1
HAM_0002774,1
HAM_0002775,1
HAM_0002776,1
HAM_0002777,1
HAM_0002778,1
HAM_0002779,1
HAM_0002780,1
HAM_0002781,1
HAM_0002782,1
HAM_0002783,1
HAM_0002784,1
HAM_0002786,1
HAM_0002789,1
HAM_0002790,1
HAM_0002792,1
HAM_0002793,1
HAM_0002794,1
HAM_0002795,2
HAM_0002796,2
HAM_0002797,2
HAM_0002798,2
HAM_0002799,1
HAM_0002800,2
HAM_0002801,1
HAM_0002802,1
HAM_0002803,1
HAM_0002805,1
HAM_0002806,1
HAM_0002807,1
HAM_0002808,1
HAM_0002809,3
HAM_0002810,2
HAM_0002811,1
HAM_0002813,1
HAM_0002814,1
HAM_0002815,1
HAM_0002816,1
HAM_0002817,2
HAM_0002819,1
HAM_0002820,1
HAM_0002821,1
HAM_0002822,1
HAM_0002823,1
HAM_0002824,4
HAM_0002825,1
HAM_0002826,1
HAM_0002827,1
HAM_0002828,1
HAM_0002829,1
HAM_0002830,1
HAM_0002831,1
HAM_0002832,2
HAM_0002833,2
HAM_0002834,2
HAM_0002835,1
HAM_0002836,1
HAM_0002837,1
HAM_0002838,1
HAM_0002839,2
HAM_0002840,1
HAM_0002841,3
HAM_0002842,1
HAM_0002843,1
HAM_0002844,1
HAM_0002845,1
HAM_0002846,1
HAM_0002847,1
HAM_0002849,1
HAM_0002850,1
HAM_0002851,1
HAM_0002852,1
HAM_0002853,1
HAM_0002854,1
HAM_0002855,1
HAM_0002856,2
HAM_0002857,1
HAM_0002858,1
HAM_0002859,1
HAM_0002860,1
HAM_0002861,1
HAM_0002863,1
HAM_0002864,1
HAM_0002865,1
HAM_0002866,1
HAM_0002868,1
HAM_0002869,2
HAM_0002870,1
HAM_0002872,1
HAM_0002873,1
HAM_0002874,2
HAM_0002875,1
HAM_0002876,2
HAM_0002877,1
HAM_0002878,2
HAM_0002879,1
HAM_0002880,1
HAM_0002881,2
HAM_0002883,1
HAM_0002884,1
HAM_0002885,1
HAM_0002887,1
HAM_0002888,2
HAM_0002889,1
HAM_0002890,2
HAM_0002891,1
HAM_0002892,1
HAM_0002893,1
HAM_0002894,2
HAM_0002896,1
HAM_0002897,1
HAM_0002898,3
HAM_0002899,1
HAM_0002900,1
HAM_0002901,1
HAM_0002902,1
HAM_0002903,2
HAM_0002904,1
HAM_0002905,1
HAM_0002906,2
HAM_0002907,1
HAM_0002908,2
HAM_0002910,1
HAM_0002911,2
HAM_0002912,1
HAM_0002913,1
HAM_0002915,3
HAM_0002916,1
HAM_0002917,1
HAM_0002918,1
HAM_0002919,1
HAM_0002920,1
HAM_0002921,1
HAM_0002922,1
HAM_0002923,3
HAM_0002924,1
HAM_0002925,1
HAM_0002926,1
HAM_0002927,1
HAM_0002928,2
HAM_0002929,1
HAM_0002930,1
HAM_0002931,1
HAM_0002932,1
HAM_0002933,2
HAM_0002935,1
HAM_0002936,2
HAM_0002937,1
HAM_0002938,1
HAM_0002939,2
HAM_0002940,1
HAM_0002941,1
HAM_0002942,2
HAM_0002943,1
HAM_0002944,1
HAM_0002945,1
HAM_0002946,2
HAM_0002947,1
HAM_0002948,1
HAM_0002949,1
HAM_0002950,1
HAM_0002951,1
HAM_0002952,2
HAM_0002953,1
HAM_0002955,1
HAM_0002956,2
HAM_0002957,2
HAM_0002958,1
HAM_0002961,1
HAM_0002962,1
HAM_0002963,1
HAM_0002964,1
HAM_0002965,1
HAM_0002966,1
HAM_0002967,1
HAM_0002968,1
HAM_0002969,1
HAM_0002970,2
HAM_0002971,1
HAM_0002972,1
HAM_0002973,2
HAM_0002974,1
HAM_0002975,2
HAM_0002976,1
HAM_0002977,1
HAM_0002978,1
HAM_0002979,2
HAM_0002980,1
HAM_0002981,2
HAM_0002982,1
HAM_0002984,1
HAM_0002985,1
HAM_0002986,1
HAM_0002987,1
HAM_0002988,1
HAM_0002989,1
HAM_0002990,1
HAM_0002991,1
HAM_0002992,1
HAM_0002993,3
HAM_0002994,1
HAM_0002995,1
HAM_0002996,1
HAM_0002997,1
HAM_0002999,1
HAM_0003000,1
HAM_0003001,1
HAM_0003002,2
HAM_0003003,2
HAM_0003004,1
HAM_0003005,1
HAM_0003006,1
HAM_0003007,2
HAM_0003008,1
HAM_0003009,1
HAM_0003010,1
HAM_0003011,1
HAM_0003012,1
HAM_0003013,1
HAM_0003014,1
HAM_0003015,2
HAM_0003016,2
HAM_0003017,1
HAM_0003018,2
HAM_0003019,1
HAM_0003020,1
HAM_0003021,4
HAM_0003022,1
HAM_0003024,1
HAM_0003025,1
HAM_0003026,1
HAM_0003027,2
HAM_0003028,1
HAM_0003029,1
HAM_0003030,2
HAM_0003031,1
HAM_0003032,1
HAM_0003033,4
HAM_0003034,1
HAM_0003035,2
HAM_0003036,1
HAM_0003038,1
HAM_0003040,1
HAM_0003041,1
HAM_0003042,1
HAM_0003044,1
HAM_0003045,2
HAM_0003047,1
HAM_0003048,1
HAM_0003049,1
HAM_0003050,2
HAM_0003052,1
HAM_0003053,1
HAM_0003054,1
HAM_0003055,1
HAM_0003056,1
HAM_0003057,2
HAM_0003058,1
HAM_0003059,1
HAM_0003060,1
HAM_0003061,1
HAM_0003062,1
HAM_0003063,1
HAM_0003064,1
HAM_0003065,1
HAM_0003067,1
HAM_0003069,1
HAM_0003070,1
HAM_0003071,1
HAM_0003073,3
HAM_0003074,1
HAM_0003075,1
HAM_0003076,1
HAM_0003077,1
HAM_0003078,2
HAM_0003079,1
HAM_0003080,1
HAM_0003082,1
HAM_0003083,2
HAM_0003084,1
HAM_0003085,1
HAM_0003087,1
HAM_0003088,2
HAM_0003089,1
HAM_0003090,1
HAM_0003091,2
HAM_0003092,1
HAM_0003093,1
HAM_0003095,1
HAM_0003096,1
HAM_0003097,3
HAM_0003098,1
HAM_0003099,1
HAM_0003100,1
HAM_0003102,2
HAM_0003103,1
HAM_0003106,4
HAM_0003108,1
HAM_0003109,1
HAM_0003111,1
HAM_0003113,3
HAM_0003114,1
HAM_0003116,1
HAM_0003117,1
HAM_0003118,1
HAM_0003120,2
HAM_0003121,1
HAM_0003122,1
HAM_0003124,1
HAM_0003125,2
HAM_0003126,1
HAM_0003127,3
HAM_0003128,1
HAM_0003129,1
HAM_0003130,2
HAM_0003131,1
HAM_0003132,1
HAM_0003133,2
HAM_0003134,1
HAM_0003137,3
HAM_0003138,1
HAM_0003139,1
HAM_0003140,3
HAM_0003142,2
HAM_0003143,3
HAM_0003145,1
HAM_0003147,1
HAM_0003148,1
HAM_0003149,1
HAM_0003150,1
HAM_0003151,1
HAM_0003152,2
HAM_0003153,1
HAM_0003154,1
HAM_0003155,2
HAM_0003156,1
HAM_0003158,1
HAM_0003159,2
HAM_0003160,1
HAM_0003162,2
HAM_0003163,1
HAM_0003164,1
HAM_0003165,1
HAM_0003166,1
HAM_0003167,1
HAM_0003168,1
HAM_0003169,1
HAM_0003170,1
HAM_0003171,2
HAM_0003172,2
HAM_0003173,1
HAM_0003174,2
HAM_0003175,2
HAM_0003176,2
HAM_0003178,1
HAM_0003179,1
HAM_0003180,1
HAM_0003181,3
HAM_0003182,2
HAM_0003183,1
HAM_0003184,1
HAM_0003185,1
HAM_0003187,2
HAM_0003188,2
HAM_0003189,1
HAM_0003190,1
HAM_0003192,1
HAM_0003193,3
HAM_0003194,2
HAM_0003196,1
HAM_0003197,1
HAM_0003199,1
HAM_0003200,1
HAM_0003201,1
HAM_0003202,2
HAM_0003203,1
HAM_0003204,1
HAM_0003205,1
HAM_0003206,2
HAM_0003207,1
HAM_0003208,2
HAM_0003209,1
HAM_0003210,1
HAM_0003211,1
HAM_0003212,2
HAM_0003213,1
HAM_0003214,1
HAM_0003215,1
HAM_0003217,1
HAM_0003218,1
HAM_0003219,1
HAM_0003221,4
HAM_0003222,2
HAM_0003223,2
HAM_0003225,3
HAM_0003226,1
HAM_0003227,1
HAM_0003228,1
HAM_0003230,2
HAM_0003231,1
HAM_0003232,1
HAM_0003233,1
HAM_0003234,1
HAM_0003235,2
HAM_0003236,2
HAM_0003237,1
HAM_0003238,1
HAM_0003239,1
HAM_0003240,1
HAM_0003241,2
HAM_0003242,1
HAM_0003243,2
HAM_0003244,1
HAM_0003245,1
HAM_0003246,2
HAM_0003247,1
HAM_0003248,2
HAM_0003249,1
HAM_0003250,1
HAM_0003251,1
HAM_0003252,1
HAM_0003253,1
HAM_0003254,2
HAM_0003255,1
HAM_0003256,2
HAM_0003257,1
HAM_0003258,1
HAM_0003259,3
HAM_0003260,1
HAM_0003261,1
HAM_0003263,2
HAM_0003264,1
HAM_0003265,2
HAM_0003266,1
HAM_0003267,1
HAM_0003268,1
HAM_0003269,1
HAM_0003270,1
HAM_0003271,1
HAM_0003272,1
HAM_0003273,1
HAM_0003274,1
HAM_0003275,1
HAM_0003276,2
HAM_0003277,2
HAM_0003278,1
HAM_0003279,1
HAM_0003280,3
HAM_0003281,1
HAM_0003282,1
HAM_0003283,1
HAM_0003284,1
HAM_0003285,1
HAM_0003287,1
HAM_0003288,3
HAM_0003289,1
HAM_0003291,1
HAM_0003292,1
HAM_0003293,1
HAM_0003294,1
HAM_0003295,1
HAM_0003296,1
HAM_0003297,1
HAM_0003298,1
HAM_0003299,2
HAM_0003300,1
HAM_0003301,2
HAM_0003302,1
HAM_0003303,2
HAM_0003304,1
HAM_0003305,3
HAM_0003306,1
HAM_0003307,1
HAM_0003308,2
HAM_0003309,1
HAM_0003310,2
HAM_0003311,2
HAM_0003312,1
HAM_0003313,1
HAM_0003314,1
HAM_0003315,2
HAM_0003316,1
HAM_0003317,2
HAM_0003318,1
HAM_0003319,1
HAM_0003320,2
HAM_0003321,2
HAM_0003322,2
HAM_0003323,1
HAM_0003324,1
HAM_0003325,1
HAM_0003326,2
HAM_0003327,2
HAM_0003329,1
HAM_0003330,2
HAM_0003331,1
HAM_0003332,1
HAM_0003333,1
HAM_0003334,1
HAM_0003335,2
HAM_0003336,1
HAM_0003337,1
HAM_0003338,1
HAM_0003339,1
HAM_0003340,2
HAM_0003341,1
HAM_0003342,1
HAM_0003343,1
HAM_0003344,1
HAM_0003345,3
HAM_0003346,3
HAM_0003347,1
HAM_0003349,1
HAM_0003350,3
HAM_0003351,1
HAM_0003352,3
HAM_0003353,1
HAM_0003354,1
HAM_0003355,1
HAM_0003356,2
HAM_0003357,1
HAM_0003358,1
HAM_0003359,1
HAM_0003360,1
HAM_0003361,1
HAM_0003362,1
HAM_0003363,1
HAM_0003364,1
HAM_0003365,2
HAM_0003366,1
HAM_0003367,1
HAM_0003368,1
HAM_0003369,1
HAM_0003370,1
HAM_0003371,1
HAM_0003372,1
HAM_0003374,1
HAM_0003375,1
HAM_0003376,1
HAM_0003377,1
HAM_0003378,1
HAM_0003379,1
HAM_0003382,1
HAM_0003383,1
HAM_0003384,2
HAM_0003385,1
HAM_0003386,3
HAM_0003387,2
HAM_0003388,1
HAM_0003390,1
HAM_0003391,1
HAM_0003392,1
HAM_0003393,1
HAM_0003394,1
HAM_0003395,1
HAM_0003396,1
HAM_0003397,1
HAM_0003398,1
HAM_0003399,1
HAM_0003400,3
HAM_0003403,1
HAM_0003404,1
HAM_0003405,1
HAM_0003406,1
HAM_0003407,1
HAM_0003408,1
HAM_0003409,1
HAM_0003410,2
HAM_0003411,1
HAM_0003412,1
HAM_0003413,1
HAM_0003414,1
HAM_0003415,3
HAM_0003416,1
HAM_0003417,1
HAM_0003418,3
HAM_0003419,2
HAM_0003420,1
HAM_0003421,3
HAM_0003423,2
HAM_0003424,3
HAM_0003425,1
HAM_0003426,1
HAM_0003428,2
HAM_0003430,3
HAM_0003431,1
HAM_0003432,1
HAM_0003433,1
HAM_0003434,2
HAM_0003435,1
HAM_0003436,1
HAM_0003438,1
HAM_0003439,2
HAM_0003440,1
HAM_0003441,3
HAM_0003442,1
HAM_0003443,1
HAM_0003445,1
HAM_0003446,1
HAM_0003447,3
HAM_0003448,1
HAM_0003449,2
HAM_0003450,1
HAM_0003451,2
HAM_0003452,2
HAM_0003453,1
HAM_0003454,1
HAM_0003456,1
HAM_0003457,1
HAM_0003458,2
HAM_0003459,1
HAM_0003460,2
HAM_0003461,1
HAM_0003462,1
HAM_0003463,1
HAM_0003464,1
HAM_0003465,1
HAM_0003466,2
HAM_0003467,1
HAM_0003468,1
HAM_0003469,1
HAM_0003470,1
HAM_0003471,1
HAM_0003473,1
HAM_0003474,1
HAM_0003475,2
HAM_0003476,2
HAM_0003477,1
HAM_0003478,1
HAM_0003479,1
HAM_0003481,1
HAM_0003482,1
HAM_0003483,1
HAM_0003484,1
HAM_0003485,1
HAM_0003486,1
HAM_0003488,1
HAM_0003489,1
HAM_0003490,1
HAM_0003491,1
HAM_0003492,1
HAM_0003493,1
HAM_0003494,1
HAM_0003495,2
HAM_0003496,1
HAM_0003497,2
HAM_0003498,1
HAM_0003499,1
HAM_0003500,1
HAM_0003502,1
HAM_0003503,1
HAM_0003504,2
HAM_0003505,3
HAM_0003506,3
HAM_0003507,3
HAM_0003508,1
HAM_0003509,2
HAM_0003510,1
HAM_0003511,1
HAM_0003512,3
HAM_0003513,1
HAM_0003514,1
HAM_0003515,1
HAM_0003516,1
HAM_0003517,1
HAM_0003518,1
HAM_0003519,1
HAM_0003520,2
HAM_0003521,2
HAM_0003522,1
HAM_0003523,2
HAM_0003524,1
HAM_0003525,2
HAM_0003526,1
HAM_0003527,1
HAM_0003528,1
HAM_0003529,1
HAM_0003530,1
HAM_0003531,1
HAM_0003532,1
HAM_0003533,1
HAM_0003534,2
HAM_0003535,3
HAM_0003536,1
HAM_0003537,1
HAM_0003538,1
HAM_0003539,1
HAM_0003540,1
HAM_0003541,1
HAM_0003542,3
HAM_0003543,1
HAM_0003545,1
HAM_0003546,1
HAM_0003547,1
HAM_0003548,1
HAM_0003549,1
HAM_0003550,1
HAM_0003551,1
HAM_0003552,1
HAM_0003553,1
HAM_0003554,1
HAM_0003556,3
HAM_0003557,1
HAM_0003558,3
HAM_0003559,2
HAM_0003560,1
HAM_0003561,1
HAM_0003562,2
HAM_0003563,1
HAM_0003564,1
HAM_0003565,1
HAM_0003566,3
HAM_0003567,1
HAM_0003568,1
HAM_0003569,2
HAM_0003570,1
HAM_0003571,1
HAM_0003572,1
HAM_0003573,1
HAM_0003574,2
HAM_0003575,1
HAM_0003576,1
HAM_0003577,1
HAM_0003578,1
HAM_0003579,2
HAM_0003580,1
HAM_0003581,1
HAM_0003582,1
HAM_0003583,2
HAM_0003584,1
HAM_0003585,1
HAM_0003587,1
HAM_0003588,1
HAM_0003589,1
HAM_0003590,3
HAM_0003591,1
HAM_0003592,1
HAM_0003594,1
HAM_0003595,1
HAM_0003598,1
HAM_0003599,1
HAM_0003601,2
HAM_0003602,4
HAM_0003603,2
HAM_0003604,1
HAM_0003605,3
HAM_0003606,3
HAM_0003607,1
HAM_0003608,1
HAM_0003609,2
HAM_0003611,1
HAM_0003612,1
HAM_0003613,1
HAM_0003614,3
HAM_0003615,1
HAM_0003616,1
HAM_0003617,1
HAM_0003618,1
HAM_0003619,2
HAM_0003620,1
HAM_0003621,1
HAM_0003622,1
HAM_0003623,2
HAM_0003624,1
HAM_0003625,3
HAM_0003626,1
HAM_0003627,2
HAM_0003628,1
HAM_0003629,1
HAM_0003630,1
HAM_0003631,1
HAM_0003632,1
HAM_0003634,3
HAM_0003635,1
HAM_0003636,1
HAM_0003637,1
HAM_0003638,1
HAM_0003639,1
HAM_0003640,2
HAM_0003642,2
HAM_0003643,1
HAM_0003644,1
HAM_0003645,1
HAM_0003646,1
HAM_0003647,1
HAM_0003648,1
HAM_0003649,2
HAM_0003650,1
HAM_0003651,1
HAM_0003652,2
HAM_0003653,2
HAM_0003654,1
HAM_0003655,1
HAM_0003656,1
HAM_0003657,1
HAM_0003658,1
HAM_0003659,2
HAM_0003660,1
HAM_0003661,1
HAM_0003662,1
HAM_0003663,2
HAM_0003664,1
HAM_0003665,1
HAM_0003666,1
HAM_0003667,2
HAM_0003668,1
HAM_0003670,1
HAM_0003671,1
HAM_0003672,1
HAM_0003673,1
HAM_0003674,1
HAM_0003675,1
HAM_0003676,2
HAM_0003677,2
HAM_0003678,1
HAM_0003679,3
HAM_0003681,2
HAM_0003682,1
HAM_0003683,2
HAM_0003684,2
HAM_0003685,1
HAM_0003686,2
HAM_0003687,1
HAM_0003689,1
HAM_0003691,1
HAM_0003692,2
HAM_0003693,1
HAM_0003695,1
HAM_0003696,1
HAM_0003697,1
HAM_0003698,2
HAM_0003699,1
HAM_0003700,4
HAM_0003701,1
HAM_0003702,1
HAM_0003703,1
HAM_0003704,1
HAM_0003705,1
HAM_0003706,1
HAM_0003707,1
HAM_0003708,1
HAM_0003709,1
HAM_0003710,2
HAM_0003711,1
HAM_0003712,1
HAM_0003713,3
HAM_0003714,1
HAM_0003715,1
HAM_0003717,1
HAM_0003718,1
HAM_0003719,1
HAM_0003720,1
HAM_0003721,1
HAM_0003722,1
HAM_0003723,2
HAM_0003724,1
HAM_0003725,1
HAM_0003726,1
HAM_0003727,1
HAM_0003728,2
HAM_0003729,1
HAM_0003730,1
HAM_0003731,1
HAM_0003732,1
HAM_0003733,1
HAM_0003734,1
HAM_0003735,3
HAM_0003736,1
HAM_0003737,1
HAM_0003739,1
HAM_0003740,1
HAM_0003742,2
HAM_0003743,3
HAM_0003744,3
HAM_0003745,1
HAM_0003746,1
HAM_0003747,1
HAM_0003748,1
HAM_0003749,1
HAM_0003750,1
HAM_0003751,1
HAM_0003752,1
HAM_0003753,1
HAM_0003754,2
HAM_0003755,2
HAM_0003756,1
HAM_0003757,1
HAM_0003758,1
HAM_0003759,2
HAM_0003760,1
HAM_0003761,1
HAM_0003762,1
HAM_0003763,1
HAM_0003766,2
HAM_0003767,3
HAM_0003768,2
HAM_0003769,1
HAM_0003770,3
HAM_0003772,1
HAM_0003773,1
HAM_0003774,2
HAM_0003776,1
HAM_0003777,2
HAM_0003779,1
HAM_0003780,1
HAM_0003781,1
HAM_0003782,3
HAM_0003783,1
HAM_0003784,1
HAM_0003785,2
HAM_0003786,1
HAM_0003787,1
HAM_0003788,1
HAM_0003789,6
HAM_0003790,1
HAM_0003791,1
HAM_0003792,1
HAM_0003793,1
HAM_0003794,1
HAM_0003795,1
HAM_0003796,1
HAM_0003797,1
HAM_0003798,1
HAM_0003799,1
HAM_0003800,1
HAM_0003801,3
HAM_0003802,1
HAM_0003803,3
HAM_0003804,1
HAM_0003806,1
HAM_0003807,2
HAM_0003808,1
HAM_0003809,1
HAM_0003810,1
HAM_0003811,1
HAM_0003812,1
HAM_0003813,1
HAM_0003814,1
HAM_0003815,1
HAM_0003816,1
HAM_0003817,1
HAM_0003818,1
HAM_0003819,1
HAM_0003820,1
HAM_0003821,1
HAM_0003822,1
HAM_0003823,1
HAM_0003824,3
HAM_0003825,1
HAM_0003828,3
HAM_0003830,1
HAM_0003831,1
HAM_0003832,2
HAM_0003833,3
HAM_0003834,1
HAM_0003835,1
HAM_0003836,1
HAM_0003837,1
HAM_0003838,1
HAM_0003840,1
HAM_0003841,1
HAM_0003842,1
HAM_0003843,2
HAM_0003844,1
HAM_0003845,2
HAM_0003847,4
HAM_0003848,2
HAM_0003849,1
HAM_0003850,1
HAM_0003852,2
HAM_0003854,1
HAM_0003855,1
HAM_0003856,2
HAM_0003857,1
HAM_0003858,1
HAM_0003859,1
HAM_0003860,1
HAM_0003861,1
HAM_0003863,1
HAM_0003864,1
HAM_0003865,1
HAM_0003867,1
HAM_0003868,1
HAM_0003869,2
HAM_0003870,1
HAM_0003871,1
HAM_0003872,1
HAM_0003874,3
HAM_0003875,1
HAM_0003876,1
HAM_0003877,1
HAM_0003878,1
HAM_0003879,1
HAM_0003880,1
HAM_0003881,2
HAM_0003882,1
HAM_0003883,1
HAM_0003884,3
HAM_0003885,1
HAM_0003888,1
HAM_0003889,1
HAM_0003890,1
HAM_0003891,1
HAM_0003892,1
HAM_0003894,1
HAM_0003896,1
HAM_0003897,1
HAM_0003898,1
HAM_0003899,1
HAM_0003900,1
HAM_0003901,1
HAM_0003902,1
HAM_0003903,1
HAM_0003904,2
HAM_0003905,1
HAM_0003906,1
HAM_0003907,1
HAM_0003908,1
HAM_0003909,1
HAM_0003911,1
HAM_0003912,2
HAM_0003913,1
HAM_0003914,1
HAM_0003915,1
HAM_0003916,1
HAM_0003917,1
HAM_0003918,1
HAM_0003919,3
HAM_0003920,2
HAM_0003921,1
HAM_0003922,1
HAM_0003923,1
HAM_0003924,1
HAM_0003926,1
HAM_0003927,3
HAM_0003928,1
HAM_0003929,1
HAM_0003930,1
HAM_0003931,1
HAM_0003932,3
HAM_0003933,2
HAM_0003935,1
HAM_0003936,1
HAM_0003937,2
HAM_0003938,1
HAM_0003940,2
HAM_0003942,1
HAM_0003943,3
HAM_0003944,1
HAM_0003945,1
HAM_0003946,1
HAM_0003947,3
HAM_0003948,1
HAM_0003950,1
HAM_0003951,3
HAM_0003952,1
HAM_0003953,1
HAM_0003954,1
HAM_0003955,1
HAM_0003956,1
HAM_0003957,2
HAM_0003958,3
HAM_0003959,1
HAM_0003960,1
HAM_0003961,1
HAM_0003962,1
HAM_0003963,1
HAM_0003964,1
HAM_0003965,2
HAM_0003966,3
HAM_0003968,3
HAM_0003969,2
HAM_0003970,1
HAM_0003972,1
HAM_0003973,1
HAM_0003974,1
HAM_0003975,1
HAM_0003976,1
HAM_0003977,1
HAM_0003978,2
HAM_0003979,1
HAM_0003980,1
HAM_0003982,1
HAM_0003983,3
HAM_0003984,1
HAM_0003985,1
HAM_0003986,1
HAM_0003987,2
HAM_0003988,1
HAM_0003990,2
HAM_0003992,1
HAM_0003993,3
HAM_0003994,1
HAM_0003995,1
HAM_0003996,2
HAM_0003997,1
HAM_0003998,1
HAM_0003999,1
HAM_0004000,3
HAM_0004001,1
HAM_0004002,1
HAM_0004003,1
HAM_0004004,2
HAM_0004005,1
HAM_0004006,1
HAM_0004007,3
HAM_0004008,1
HAM_0004009,1
HAM_0004010,1
HAM_0004011,2
HAM_0004013,1
HAM_0004014,1
HAM_0004015,1
HAM_0004016,1
HAM_0004017,1
HAM_0004018,1
HAM_0004019,1
HAM_0004020,1
HAM_0004021,1
HAM_0004022,1
HAM_0004023,1
HAM_0004024,2
HAM_0004025,1
HAM_0004026,1
HAM_0004028,1
HAM_0004029,2
HAM_0004030,1
HAM_0004031,1
HAM_0004032,1
HAM_0004035,1
HAM_0004037,1
HAM_0004038,3
HAM_0004039,1
HAM_0004040,1
HAM_0004041,1
HAM_0004043,3
HAM_0004044,1
HAM_0004045,1
HAM_0004046,1
HAM_0004047,2
HAM_0004048,1
HAM_0004049,1
HAM_0004050,1
HAM_0004051,1
HAM_0004052,1
HAM_0004053,2
HAM_0004054,1
HAM_0004055,1
HAM_0004056,2
HAM_0004057,1
HAM_0004058,1
HAM_0004059,1
HAM_0004061,1
HAM_0004062,1
HAM_0004063,2
HAM_0004064,1
HAM_0004066,1
HAM_0004067,1
HAM_0004068,3
HAM_0004069,2
HAM_0004070,1
HAM_0004071,2
HAM_0004072,1
HAM_0004073,1
HAM_0004074,1
HAM_0004075,1
HAM_0004076,2
HAM_0004078,1
HAM_0004079,1
HAM_0004080,1
HAM_0004081,1
HAM_0004082,1
HAM_0004085,1
HAM_0004088,1
HAM_0004089,1
HAM_0004091,2
HAM_0004092,1
HAM_0004093,1
HAM_0004094,1
HAM_0004095,2
HAM_0004096,1
HAM_0004098,1
HAM_0004099,3
HAM_0004100,1
HAM_0004101,1
HAM_0004102,1
HAM_0004104,1
HAM_0004105,1
HAM_0004106,1
HAM_0004107,1
HAM_0004109,2
HAM_0004110,1
HAM_0004111,1
HAM_0004112,1
HAM_0004113,2
HAM_0004114,1
HAM_0004115,1
HAM_0004116,1
HAM_0004117,1
HAM_0004118,3
HAM_0004119,1
HAM_0004120,1
HAM_0004121,2
HAM_0004122,1
HAM_0004123,1
HAM_0004124,1
HAM_0004125,1
HAM_0004126,2
HAM_0004127,2
HAM_0004128,2
HAM_0004129,3
HAM_0004130,1
HAM_0004131,1
HAM_0004132,1
HAM_0004133,2
HAM_0004134,1
HAM_0004135,1
HAM_0004136,1
HAM_0004137,1
HAM_0004138,2
HAM_0004139,1
HAM_0004140,1
HAM_0004141,1
HAM_0004142,3
HAM_0004143,1
HAM_0004144,1
HAM_0004145,3
HAM_0004146,1
HAM_0004148,1
HAM_0004149,3
HAM_0004150,1
HAM_0004151,1
HAM_0004152,1
HAM_0004153,2
HAM_0004154,1
HAM_0004155,1
HAM_0004156,2
HAM_0004157,1
HAM_0004158,1
HAM_0004159,1
HAM_0004160,1
HAM_0004162,1
HAM_0004163,1
HAM_0004164,2
HAM_0004165,2
HAM_0004166,1
HAM_0004167,1
HAM_0004168,1
HAM_0004169,1
HAM_0004170,2
HAM_0004171,1
HAM_0004172,2
HAM_0004173,1
HAM_0004174,1
HAM_0004175,1
HAM_0004176,2
HAM_0004177,1
HAM_0004179,1
HAM_0004180,1
HAM_0004181,1
HAM_0004182,1
HAM_0004183,1
HAM_0004184,1
HAM_0004185,1
HAM_0004186,1
HAM_0004187,1
HAM_0004188,1
HAM_0004189,1
HAM_0004190,1
HAM_0004191,1
HAM_0004192,1
HAM_0004193,1
HAM_0004194,1
HAM_0004195,1
HAM_0004196,1
HAM_0004197,1
HAM_0004198,1
HAM_0004199,1
HAM_0004200,1
HAM_0004201,1
HAM_0004202,1
HAM_0004203,1
HAM_0004204,1
HAM_0004205,1
HAM_0004206,1
HAM_0004207,1
HAM_0004208,1
HAM_0004209,1
HAM_0004210,1
HAM_0004211,1
HAM_0004212,1
HAM_0004213,1
HAM_0004214,1
HAM_0004215,1
HAM_0004216,1
HAM_0004217,1
HAM_0004218,1
HAM_0004220,1
HAM_0004221,2
HAM_0004222,2
HAM_0004223,1
HAM_0004224,2
HAM_0004225,1
HAM_0004226,3
HAM_0004227,1
HAM_0004228,1
HAM_0004229,1
HAM_0004230,1
HAM_0004232,1
HAM_0004233,1
HAM_0004234,2
HAM_0004236,1
HAM_0004237,1
HAM_0004238,1
HAM_0004239,3
HAM_0004240,3
HAM_0004241,1
HAM_0004242,1
HAM_0004244,1
HAM_0004245,2
HAM_0004246,1
HAM_0004247,1
HAM_0004248,1
HAM_0004249,1
HAM_0004250,1
HAM_0004251,1
HAM_0004252,1
HAM_0004253,1
HAM_0004254,1
HAM_0004255,1
HAM_0004256,1
HAM_0004258,2
HAM_0004259,1
HAM_0004260,2
HAM_0004261,1
HAM_0004262,1
HAM_0004263,1
HAM_0004264,1
HAM_0004265,2
HAM_0004266,1
HAM_0004267,2
HAM_0004269,1
HAM_0004270,1
HAM_0004271,1
HAM_0004272,3
HAM_0004274,1
HAM_0004275,1
HAM_0004276,1
HAM_0004277,1
HAM_0004279,1
HAM_0004280,1
HAM_0004281,1
HAM_0004283,1
HAM_0004284,3
HAM_0004286,1
HAM_0004287,1
HAM_0004288,1
HAM_0004289,1
HAM_0004290,1
HAM_0004291,1
HAM_0004292,1
HAM_0004294,1
HAM_0004295,1
HAM_0004296,3
HAM_0004298,1
HAM_0004299,1
HAM_0004301,1
HAM_0004302,2
HAM_0004303,2
HAM_0004304,3
HAM_0004305,1
HAM_0004306,1
HAM_0004307,1
HAM_0004308,1
HAM_0004309,1
HAM_0004310,1
HAM_0004311,1
HAM_0004312,1
HAM_0004313,1
HAM_0004314,1
HAM_0004315,1
HAM_0004316,1
HAM_0004318,2
HAM_0004319,1
HAM_0004320,1
HAM_0004321,2
HAM_0004322,1
HAM_0004323,1
HAM_0004324,1
HAM_0004325,1
HAM_0004326,1
HAM_0004327,1
HAM_0004328,1
HAM_0004329,1
HAM_0004332,3
HAM_0004333,1
HAM_0004334,1
HAM_0004335,1
HAM_0004336,1
HAM_0004337,2
HAM_0004338,3
HAM_0004339,1
HAM_0004340,1
HAM_0004341,2
HAM_0004343,1
HAM_0004344,1
HAM_0004345,1
HAM_0004346,1
HAM_0004347,1
HAM_0004348,1
HAM_0004349,1
HAM_0004350,1
HAM_0004351,1
HAM_0004352,1
HAM_0004353,1
HAM_0004354,2
HAM_0004355,1
HAM_0004356,1
HAM_0004357,1
HAM_0004358,1
HAM_0004359,1
HAM_0004360,2
HAM_0004361,1
HAM_0004362,1
HAM_0004364,2
HAM_0004366,1
HAM_0004367,2
HAM_0004368,1
HAM_0004369,1
HAM_0004370,2
HAM_0004372,2
HAM_0004373,1
HAM_0004374,1
HAM_0004375,2
HAM_0004377,1
HAM_0004378,1
HAM_0004379,1
HAM_0004380,2
HAM_0004381,1
HAM_0004382,1
HAM_0004383,1
HAM_0004385,1
HAM_0004386,1
HAM_0004387,2
HAM_0004389,1
HAM_0004390,1
HAM_0004391,1
HAM_0004392,3
HAM_0004393,1
HAM_0004394,1
HAM_0004395,1
HAM_0004396,3
HAM_0004397,3
HAM_0004399,1
HAM_0004400,1
HAM_0004401,1
HAM_0004402,1
HAM_0004403,1
HAM_0004404,1
HAM_0004405,2
HAM_0004406,2
HAM_0004407,1
HAM_0004408,1
HAM_0004410,2
HAM_0004411,3
HAM_0004412,2
HAM_0004414,1
HAM_0004415,1
HAM_0004416,1
HAM_0004417,1
HAM_0004418,2
HAM_0004419,1
HAM_0004421,1
HAM_0004422,2
HAM_0004423,3
HAM_0004424,2
HAM_0004425,1
HAM_0004426,1
HAM_0004427,1
HAM_0004428,2
HAM_0004430,1
HAM_0004431,1
HAM_0004432,2
HAM_0004433,1
HAM_0004434,1
HAM_0004436,1
HAM_0004437,1
HAM_0004438,1
HAM_0004442,2
HAM_0004443,4
HAM_0004444,3
HAM_0004445,1
HAM_0004446,1
HAM_0004448,1
HAM_0004449,1
HAM_0004450,1
HAM_0004451,1
HAM_0004452,1
HAM_0004453,2
HAM_0004454,1
HAM_0004456,1
HAM_0004457,1
HAM_0004458,3
HAM_0004459,1
HAM_0004460,1
HAM_0004461,2
HAM_0004463,1
HAM_0004464,1
HAM_0004465,1
HAM_0004466,1
HAM_0004467,1
HAM_0004468,1
HAM_0004469,1
HAM_0004470,1
HAM_0004471,1
HAM_0004473,1
HAM_0004474,1
HAM_0004475,2
HAM_0004476,1
HAM_0004477,1
HAM_0004478,1
HAM_0004479,2
HAM_0004481,1
HAM_0004482,1
HAM_0004483,1
HAM_0004484,1
HAM_0004485,2
HAM_0004486,1
HAM_0004488,1
HAM_0004489,1
HAM_0004490,1
HAM_0004491,3
HAM_0004492,1
HAM_0004493,1
HAM_0004494,2
HAM_0004497,1
HAM_0004498,1
HAM_0004499,1
HAM_0004500,1
HAM_0004501,1
HAM_0004502,1
HAM_0004503,3
HAM_0004504,1
HAM_0004505,1
HAM_0004506,1
HAM_0004507,2
HAM_0004508,1
HAM_0004509,1
HAM_0004510,1
HAM_0004512,1
HAM_0004513,1
HAM_0004516,1
HAM_0004517,1
HAM_0004518,3
HAM_0004519,1
HAM_0004520,1
HAM_0004523,1
HAM_0004524,2
HAM_0004526,1
HAM_0004527,1
HAM_0004528,1
HAM_0004529,1
HAM_0004530,1
HAM_0004531,2
HAM_0004532,1
HAM_0004533,1
HAM_0004534,2
HAM_0004535,1
HAM_0004537,1
HAM_0004538,1
HAM_0004540,1
HAM_0004541,1
HAM_0004543,1
HAM_0004544,1
HAM_0004545,2
HAM_0004546,2
HAM_0004547,1
HAM_0004548,3
HAM_0004550,3
HAM_0004551,1
HAM_0004552,1
HAM_0004553,1
HAM_0004554,1
HAM_0004555,3
HAM_0004556,2
HAM_0004557,1
HAM_0004559,1
HAM_0004560,1
HAM_0004561,1
HAM_0004562,1
HAM_0004564,2
HAM_0004565,1
HAM_0004566,1
HAM_0004567,1
HAM_0004569,2
HAM_0004570,1
HAM_0004571,2
HAM_0004572,1
HAM_0004573,1
HAM_0004574,3
HAM_0004575,2
HAM_0004576,1
HAM_0004577,1
HAM_0004578,2
HAM_0004579,1
HAM_0004580,1
HAM_0004581,3
HAM_0004582,1
HAM_0004583,1
HAM_0004584,1
HAM_0004585,1
HAM_0004586,1
HAM_0004587,1
HAM_0004588,1
HAM_0004589,1
HAM_0004590,1
HAM_0004591,1
HAM_0004593,2
HAM_0004594,1
HAM_0004595,1
HAM_0004596,2
HAM_0004597,1
HAM_0004598,1
HAM_0004599,2
HAM_0004600,2
HAM_0004601,1
HAM_0004602,1
HAM_0004604,2
HAM_0004605,1
HAM_0004606,1
HAM_0004607,2
HAM_0004608,1
HAM_0004610,1
HAM_0004611,1
HAM_0004612,1
HAM_0004613,1
HAM_0004614,1
HAM_0004615,3
HAM_0004616,1
HAM_0004619,1
HAM_0004620,2
HAM_0004622,1
HAM_0004623,1
HAM_0004625,1
HAM_0004626,1
HAM_0004628,1
HAM_0004629,1
HAM_0004630,3
HAM_0004631,1
HAM_0004632,2
HAM_0004633,1
HAM_0004634,1
HAM_0004637,1
HAM_0004638,1
HAM_0004639,1
HAM_0004640,1
HAM_0004641,2
HAM_0004642,3
HAM_0004643,2
HAM_0004644,1
HAM_0004645,1
HAM_0004646,2
HAM_0004647,1
HAM_0004649,1
HAM_0004650,1
HAM_0004651,1
HAM_0004652,1
HAM_0004654,1
HAM_0004656,2
HAM_0004657,1
HAM_0004658,1
HAM_0004659,1
HAM_0004660,1
HAM_0004661,1
HAM_0004663,2
HAM_0004664,1
HAM_0004665,1
HAM_0004666,1
HAM_0004667,2
HAM_0004668,1
HAM_0004669,1
HAM_0004670,1
HAM_0004671,1
HAM_0004672,1
HAM_0004673,2
HAM_0004674,1
HAM_0004675,1
HAM_0004676,2
HAM_0004677,1
HAM_0004678,1
HAM_0004679,1
HAM_0004680,1
HAM_0004681,1
HAM_0004682,1
HAM_0004683,1
HAM_0004684,1
HAM_0004686,1
HAM_0004687,2
HAM_0004688,1
HAM_0004689,1
HAM_0004690,1
HAM_0004691,2
HAM_0004692,1
HAM_0004693,1
HAM_0004695,1
HAM_0004696,3
HAM_0004697,1
HAM_0004698,1
HAM_0004699,2
HAM_0004700,1
HAM_0004701,1
HAM_0004702,1
HAM_0004703,1
HAM_0004704,1
HAM_0004705,1
HAM_0004706,3
HAM_0004707,1
HAM_0004708,3
HAM_0004709,2
HAM_0004710,1
HAM_0004712,1
HAM_0004713,1
HAM_0004714,3
HAM_0004715,1
HAM_0004716,3
HAM_0004717,2
HAM_0004718,1
HAM_0004719,1
HAM_0004720,2
HAM_0004721,1
HAM_0004723,1
HAM_0004724,2
HAM_0004725,1
HAM_0004726,1
HAM_0004727,1
HAM_0004728,1
HAM_0004729,1
HAM_0004730,1
HAM_0004731,1
HAM_0004732,1
HAM_0004733,1
HAM_0004734,1
HAM_0004735,1
HAM_0004736,1
HAM_0004737,1
HAM_0004738,1
HAM_0004739,1
HAM_0004740,1
HAM_0004741,1
HAM_0004742,2
HAM_0004744,1
HAM_0004745,1
HAM_0004746,2
HAM_0004747,2
HAM_0004748,1
HAM_0004749,1
HAM_0004750,1
HAM_0004751,1
HAM_0004752,1
HAM_0004753,1
HAM_0004754,3
HAM_0004755,1
HAM_0004757,1
HAM_0004758,1
HAM_0004759,1
HAM_0004761,2
HAM_0004762,2
HAM_0004763,2
HAM_0004764,1
HAM_0004766,1
HAM_0004767,2
HAM_0004768,2
HAM_0004770,1
HAM_0004771,1
HAM_0004772,1
HAM_0004773,3
HAM_0004774,1
HAM_0004775,1
HAM_0004777,2
HAM_0004778,1
HAM_0004779,2
HAM_0004781,1
HAM_0004782,1
HAM_0004783,2
HAM_0004784,2
HAM_0004785,1
HAM_0004786,1
HAM_0004787,1
HAM_0004788,2
HAM_0004789,1
HAM_0004790,1
HAM_0004792,1
HAM_0004793,1
HAM_0004794,1
HAM_0004795,1
HAM_0004796,1
HAM_0004797,1
HAM_0004798,1
HAM_0004799,1
HAM_0004800,1
HAM_0004801,1
HAM_0004802,3
HAM_0004803,1
HAM_0004804,1
HAM_0004805,1
HAM_0004806,2
HAM_0004807,1
HAM_0004808,1
HAM_0004810,1
HAM_0004811,3
HAM_0004812,1
HAM_0004813,2
HAM_0004814,3
HAM_0004815,1
HAM_0004816,1
HAM_0004817,1
HAM_0004818,1
HAM_0004819,1
HAM_0004821,1
HAM_0004822,1
HAM_0004823,1
HAM_0004824,1
HAM_0004825,1
HAM_0004826,1
HAM_0004828,1
HAM_0004829,3
HAM_0004830,2
HAM_0004832,1
HAM_0004833,2
HAM_0004834,1
HAM_0004835,1
HAM_0004836,2
HAM_0004837,1
HAM_0004838,1
HAM_0004839,2
HAM_0004840,1
HAM_0004841,1
HAM_0004842,1
HAM_0004843,1
HAM_0004844,2
HAM_0004845,1
HAM_0004847,1
HAM_0004850,2
HAM_0004851,1
HAM_0004852,2
HAM_0004853,3
HAM_0004854,3
HAM_0004855,1
HAM_0004856,1
HAM_0004857,2
HAM_0004858,1
HAM_0004859,2
HAM_0004860,1
HAM_0004861,1
HAM_0004863,1
HAM_0004864,1
HAM_0004865,1
HAM_0004866,1
HAM_0004868,1
HAM_0004869,1
HAM_0004870,1
HAM_0004872,2
HAM_0004874,1
HAM_0004875,1
HAM_0004876,1
HAM_0004878,3
HAM_0004879,1
HAM_0004881,2
HAM_0004882,3
HAM_0004883,2
HAM_0004884,2
HAM_0004885,1
HAM_0004886,2
HAM_0004887,1
HAM_0004888,1
HAM_0004889,3
HAM_0004890,1
HAM_0004891,1
HAM_0004892,1
HAM_0004893,1
HAM_0004894,1
HAM_0004895,2
HAM_0004896,1
HAM_0004897,2
HAM_0004898,2
HAM_0004900,1
HAM_0004901,1
HAM_0004902,1
HAM_0004903,1
HAM_0004904,1
HAM_0004905,1
HAM_0004906,1
HAM_0004907,1
HAM_0004908,2
HAM_0004909,1
HAM_0004910,2
HAM_0004911,1
HAM_0004912,2
HAM_0004913,1
HAM_0004914,2
HAM_0004915,1
HAM_0004916,1
HAM_0004917,2
HAM_0004918,1
HAM_0004919,1
HAM_0004920,1
HAM_0004921,1
HAM_0004922,1
HAM_0004923,2
HAM_0004924,1
HAM_0004925,1
HAM_0004926,1
HAM_0004927,3
HAM_0004928,2
HAM_0004929,1
HAM_0004931,1
HAM_0004932,1
HAM_0004933,1
HAM_0004935,2
HAM_0004936,2
HAM_0004938,1
HAM_0004939,1
HAM_0004941,1
HAM_0004942,1
HAM_0004944,1
HAM_0004945,3
HAM_0004946,1
HAM_0004947,2
HAM_0004948,1
HAM_0004949,3
HAM_0004950,1
HAM_0004951,1
HAM_0004952,1
HAM_0004954,1
HAM_0004955,1
HAM_0004956,1
HAM_0004958,1
HAM_0004959,1
HAM_0004961,1
HAM_0004963,3
HAM_0004964,1
HAM_0004965,1
HAM_0004966,1
HAM_0004969,1
HAM_0004971,1
HAM_0004972,1
HAM_0004973,1
HAM_0004974,1
HAM_0004975,3
HAM_0004977,1
HAM_0004978,1
HAM_0004979,3
HAM_0004980,2
HAM_0004981,1
HAM_0004982,1
HAM_0004983,1
HAM_0004984,2
HAM_0004985,1
HAM_0004986,1
HAM_0004987,1
HAM_0004988,1
HAM_0004989,1
HAM_0004990,1
HAM_0004991,2
HAM_0004993,1
HAM_0004994,1
HAM_0004995,1
HAM_0004996,3
HAM_0004997,2
HAM_0004998,2
HAM_0004999,1
HAM_0005000,1
HAM_0005001,1
HAM_0005002,1
HAM_0005003,1
HAM_0005004,1
HAM_0005005,1
HAM_0005006,1
HAM_0005007,1
HAM_0005008,2
HAM_0005009,1
HAM_0005010,3
HAM_0005012,1
HAM_0005013,1
HAM_0005014,1
HAM_0005015,1
HAM_0005016,1
HAM_0005017,3
HAM_0005018,2
HAM_0005019,1
HAM_0005021,2
HAM_0005022,1
HAM_0005023,1
HAM_0005025,1
HAM_0005028,1
HAM_0005029,1
HAM_0005031,1
HAM_0005032,1
HAM_0005033,1
HAM_0005034,2
HAM_0005035,1
HAM_0005036,1
HAM_0005037,1
HAM_0005038,1
HAM_0005039,1
HAM_0005040,3
HAM_0005041,1
HAM_0005042,1
HAM_0005043,1
HAM_0005044,1
HAM_0005045,1
HAM_0005046,1
HAM_0005047,1
HAM_0005048,1
HAM_0005049,1
HAM_0005050,1
HAM_0005051,1
HAM_0005052,2
HAM_0005053,1
HAM_0005054,1
HAM_0005055,1
HAM_0005056,2
HAM_0005057,1
HAM_0005059,1
HAM_0005060,2
HAM_0005061,1
HAM_0005062,3
HAM_0005063,1
HAM_0005064,2
HAM_0005065,1
HAM_0005066,1
HAM_0005067,1
HAM_0005069,1
HAM_0005070,1
HAM_0005071,1
HAM_0005072,1
HAM_0005073,1
HAM_0005074,1
HAM_0005075,2
HAM_0005076,1
HAM_0005077,1
HAM_0005078,2
HAM_0005079,1
HAM_0005080,1
HAM_0005081,1
HAM_0005082,3
HAM_0005083,3
HAM_0005084,2
HAM_0005085,2
HAM_0005086,2
HAM_0005087,1
HAM_0005088,1
HAM_0005089,1
HAM_0005090,2
HAM_0005091,2
HAM_0005092,1
HAM_0005093,1
HAM_0005094,1
HAM_0005095,1
HAM_0005096,1
HAM_0005097,1
HAM_0005098,1
HAM_0005099,1
HAM_0005100,1
HAM_0005101,1
HAM_0005102,1
HAM_0005103,1
HAM_0005104,1
HAM_0005105,1
HAM_0005106,2
HAM_0005107,2
HAM_0005108,1
HAM_0005110,3
HAM_0005111,1
HAM_0005113,1
HAM_0005114,1
HAM_0005115,2
HAM_0005116,3
HAM_0005118,1
HAM_0005119,1
HAM_0005120,1
HAM_0005121,2
HAM_0005122,1
HAM_0005123,1
HAM_0005124,1
HAM_0005125,1
HAM_0005126,2
HAM_0005127,2
HAM_0005128,1
HAM_0005129,1
HAM_0005130,1
HAM_0005131,2
HAM_0005132,2
HAM_0005133,1
HAM_0005134,1
HAM_0005135,3
HAM_0005136,1
HAM_0005138,1
HAM_0005139,1
HAM_0005140,1
HAM_0005141,2
HAM_0005142,1
HAM_0005143,1
HAM_0005144,1
HAM_0005145,1
HAM_0005146,2
HAM_0005147,1
HAM_0005148,1
HAM_0005150,1
HAM_0005151,1
HAM_0005152,1
HAM_0005153,1
HAM_0005154,2
HAM_0005156,1
HAM_0005157,3
HAM_0005159,2
HAM_0005160,2
HAM_0005161,1
HAM_0005162,3
HAM_0005163,1
HAM_0005164,1
HAM_0005165,1
HAM_0005166,1
HAM_0005167,1
HAM_0005168,1
HAM_0005169,1
HAM_0005170,1
HAM_0005171,1
HAM_0005172,1
HAM_0005173,2
HAM_0005174,1
HAM_0005175,2
HAM_0005176,1
HAM_0005177,1
HAM_0005178,1
HAM_0005179,1
HAM_0005181,1
HAM_0005182,1
HAM_0005183,1
HAM_0005185,3
HAM_0005186,1
HAM_0005187,1
HAM_0005188,2
HAM_0005189,1
HAM_0005190,3
HAM_0005191,1
HAM_0005192,1
HAM_0005193,2
HAM_0005194,3
HAM_0005195,1
HAM_0005197,1
HAM_0005198,2
HAM_0005199,2
HAM_0005200,1
HAM_0005201,1
HAM_0005202,1
HAM_0005203,1
HAM_0005204,1
HAM_0005205,1
HAM_0005206,3
HAM_0005208,1
HAM_0005209,2
HAM_0005210,1
HAM_0005211,1
HAM_0005213,2
HAM_0005214,1
HAM_0005216,1
HAM_0005217,1
HAM_0005218,1
HAM_0005219,1
HAM_0005220,1
HAM_0005221,1
HAM_0005222,1
HAM_0005223,1
HAM_0005224,1
HAM_0005225,1
HAM_0005226,1
HAM_0005227,2
HAM_0005229,1
HAM_0005230,2
HAM_0005232,1
HAM_0005233,1
HAM_0005234,1
HAM_0005235,1
HAM_0005236,1
HAM_0005237,2
HAM_0005238,1
HAM_0005239,1
HAM_0005240,1
HAM_0005241,1
HAM_0005242,1
HAM_0005244,1
HAM_0005246,1
HAM_0005247,1
HAM_0005248,3
HAM_0005249,3
HAM_0005250,1
HAM_0005251,1
HAM_0005252,1
HAM_0005253,1
HAM_0005254,2
HAM_0005256,1
HAM_0005257,1
HAM_0005258,3
HAM_0005259,1
HAM_0005260,1
HAM_0005261,1
HAM_0005262,1
HAM_0005263,6
HAM_0005265,3
HAM_0005266,1
HAM_0005267,1
HAM_0005269,1
HAM_0005271,1
HAM_0005272,1
HAM_0005273,2
HAM_0005274,3
HAM_0005275,2
HAM_0005277,1
HAM_0005278,1
HAM_0005279,1
HAM_0005280,3
HAM_0005281,1
HAM_0005283,1
HAM_0005284,3
HAM_0005285,1
HAM_0005286,1
HAM_0005288,1
HAM_0005290,1
HAM_0005291,1
HAM_0005292,1
HAM_0005293,1
HAM_0005294,1
HAM_0005295,1
HAM_0005296,1
HAM_0005298,2
HAM_0005299,3
HAM_0005300,3
HAM_0005303,3
HAM_0005305,1
HAM_0005306,1
HAM_0005307,1
HAM_0005308,1
HAM_0005311,1
HAM_0005312,2
HAM_0005313,1
HAM_0005314,1
HAM_0005315,2
HAM_0005316,2
HAM_0005317,1
HAM_0005318,2
HAM_0005319,2
HAM_0005320,1
HAM_0005321,1
HAM_0005322,1
HAM_0005323,1
HAM_0005324,1
HAM_0005325,1
HAM_0005326,1
HAM_0005327,1
HAM_0005328,2
HAM_0005329,1
HAM_0005331,2
HAM_0005332,1
HAM_0005333,1
HAM_0005335,3
HAM_0005336,2
HAM_0005337,1
HAM_0005338,1
HAM_0005339,2
HAM_0005340,1
HAM_0005341,1
HAM_0005342,2
HAM_0005343,1
HAM_0005344,1
HAM_0005346,1
HAM_0005347,2
HAM_0005348,1
HAM_0005349,1
HAM_0005350,1
HAM_0005351,3
HAM_0005352,1
HAM_0005353,2
HAM_0005355,1
HAM_0005357,1
HAM_0005358,1
HAM_0005360,2
HAM_0005361,1
HAM_0005363,3
HAM_0005364,3
HAM_0005365,2
HAM_0005366,1
HAM_0005367,1
HAM_0005368,3
HAM_0005369,1
HAM_0005370,1
HAM_0005372,1
HAM_0005373,1
HAM_0005374,3
HAM_0005377,1
HAM_0005380,1
HAM_0005381,2
HAM_0005383,3
HAM_0005384,1
HAM_0005385,1
HAM_0005386,3
HAM_0005387,1
HAM_0005388,1
HAM_0005390,1
HAM_0005391,1
HAM_0005393,1
HAM_0005394,1
HAM_0005395,2
HAM_0005397,1
HAM_0005398,1
HAM_0005399,1
HAM_0005400,1
HAM_0005401,1
HAM_0005402,1
HAM_0005403,1
HAM_0005404,2
HAM_0005405,1
HAM_0005406,1
HAM_0005407,1
HAM_0005408,1
HAM_0005409,2
HAM_0005411,1
HAM_0005412,1
HAM_0005414,1
HAM_0005415,2
HAM_0005416,1
HAM_0005418,1
HAM_0005419,1
HAM_0005420,3
HAM_0005421,2
HAM_0005422,1
HAM_0005423,1
HAM_0005424,1
HAM_0005425,1
HAM_0005426,1
HAM_0005428,1
HAM_0005429,2
HAM_0005430,1
HAM_0005431,1
HAM_0005432,1
HAM_0005433,3
HAM_0005434,1
HAM_0005436,1
HAM_0005437,1
HAM_0005439,1
HAM_0005440,1
HAM_0005441,1
HAM_0005442,2
HAM_0005443,1
HAM_0005444,1
HAM_0005445,1
HAM_0005446,1
HAM_0005447,2
HAM_0005449,1
HAM_0005450,2
HAM_0005451,1
HAM_0005452,1
HAM_0005453,1
HAM_0005454,1
HAM_0005455,1
HAM_0005456,1
HAM_0005457,1
HAM_0005458,1
HAM_0005460,1
HAM_0005461,1
HAM_0005462,1
HAM_0005463,2
HAM_0005464,1
HAM_0005465,1
HAM_0005466,1
HAM_0005467,1
HAM_0005468,1
HAM_0005470,1
HAM_0005472,1
HAM_0005473,1
HAM_0005474,1
HAM_0005476,1
HAM_0005477,1
HAM_0005479,1
HAM_0005481,3
HAM_0005483,3
HAM_0005484,1
HAM_0005485,1
HAM_0005486,1
HAM_0005487,1
HAM_0005489,1
HAM_0005490,1
HAM_0005491,1
HAM_0005493,1
HAM_0005494,1
HAM_0005495,1
HAM_0005496,4
HAM_0005497,1
HAM_0005498,1
HAM_0005499,1
HAM_0005500,1
HAM_0005502,1
HAM_0005503,1
HAM_0005504,2
HAM_0005506,1
HAM_0005507,1
HAM_0005508,1
HAM_0005510,3
HAM_0005511,1
HAM_0005512,1
HAM_0005513,3
HAM_0005514,1
HAM_0005515,1
HAM_0005516,1
HAM_0005517,1
HAM_0005519,2
HAM_0005520,1
HAM_0005521,1
HAM_0005522,2
HAM_0005523,1
HAM_0005525,1
HAM_0005526,1
HAM_0005527,1
HAM_0005528,1
HAM_0005531,2
HAM_0005532,1
HAM_0005533,1
HAM_0005534,1
HAM_0005535,2
HAM_0005537,2
HAM_0005538,1
HAM_0005539,3
HAM_0005540,1
HAM_0005541,1
HAM_0005543,1
HAM_0005544,1
HAM_0005545,2
HAM_0005546,1
HAM_0005548,1
HAM_0005549,1
HAM_0005550,1
HAM_0005552,1
HAM_0005554,1
HAM_0005555,1
HAM_0005556,1
HAM_0005557,2
HAM_0005558,2
HAM_0005561,2
HAM_0005562,1
HAM_0005563,1
HAM_0005564,1
HAM_0005565,1
HAM_0005566,3
HAM_0005567,1
HAM_0005568,1
HAM_0005569,1
HAM_0005570,1
HAM_0005571,3
HAM_0005573,3
HAM_0005574,1
HAM_0005576,1
HAM_0005577,1
HAM_0005578,1
HAM_0005580,1
HAM_0005581,2
HAM_0005582,1
HAM_0005583,1
HAM_0005586,1
HAM_0005588,2
HAM_0005589,1
HAM_0005590,1
HAM_0005591,1
HAM_0005592,1
HAM_0005593,1
HAM_0005594,2
HAM_0005595,1
HAM_0005596,1
HAM_0005597,1
HAM_0005598,1
HAM_0005600,1
HAM_0005601,3
HAM_0005602,1
HAM_0005604,1
HAM_0005605,1
HAM_0005606,1
HAM_0005608,3
HAM_0005609,2
HAM_0005610,2
HAM_0005611,2
HAM_0005612,1
HAM_0005613,1
HAM_0005614,1
HAM_0005615,1
HAM_0005616,1
HAM_0005618,1
HAM_0005619,1
HAM_0005620,1
HAM_0005621,1
HAM_0005622,1
HAM_0005623,1
HAM_0005624,2
HAM_0005625,1
HAM_0005626,1
HAM_0005627,2
HAM_0005628,1
HAM_0005629,1
HAM_0005630,1
HAM_0005631,2
HAM_0005632,2
HAM_0005633,1
HAM_0005634,1
HAM_0005635,1
HAM_0005636,3
HAM_0005637,1
HAM_0005638,1
HAM_0005639,1
HAM_0005640,1
HAM_0005641,2
HAM_0005642,2
HAM_0005643,1
HAM_0005644,1
HAM_0005645,1
HAM_0005646,1
HAM_0005647,1
HAM_0005651,2
HAM_0005653,1
HAM_0005654,1
HAM_0005655,1
HAM_0005656,1
HAM_0005658,1
HAM_0005659,1
HAM_0005661,1
HAM_0005664,2
HAM_0005666,2
HAM_0005667,1
HAM_0005670,2
HAM_0005671,1
HAM_0005672,2
HAM_0005673,2
HAM_0005674,1
HAM_0005675,1
HAM_0005676,1
HAM_0005677,1
HAM_0005678,2
HAM_0005680,1
HAM_0005681,1
HAM_0005682,1
HAM_0005683,1
HAM_0005685,1
HAM_0005686,2
HAM_0005687,1
HAM_0005688,1
HAM_0005689,2
HAM_0005690,1
HAM_0005691,1
HAM_0005692,1
HAM_0005693,1
HAM_0005694,1
HAM_0005695,1
HAM_0005696,2
HAM_0005697,2
HAM_0005698,1
HAM_0005699,1
HAM_0005700,1
HAM_0005702,1
HAM_0005703,1
HAM_0005706,1
HAM_0005707,1
HAM_0005708,1
HAM_0005709,1
HAM_0005711,3
HAM_0005712,4
HAM_0005714,1
HAM_0005715,2
HAM_0005716,1
HAM_0005717,1
HAM_0005719,2
HAM_0005720,2
HAM_0005722,1
HAM_0005724,2
HAM_0005725,1
HAM_0005726,1
HAM_0005728,1
HAM_0005729,1
HAM_0005730,2
HAM_0005731,1
HAM_0005732,1
HAM_0005733,1
HAM_0005734,1
HAM_0005735,1
HAM_0005737,1
HAM_0005738,1
HAM_0005739,1
HAM_0005740,3
HAM_0005741,1
HAM_0005742,2
HAM_0005743,1
HAM_0005744,1
HAM_0005745,2
HAM_0005746,2
HAM_0005747,2
HAM_0005748,3
HAM_0005749,2
HAM_0005750,2
HAM_0005751,1
HAM_0005752,2
HAM_0005753,1
HAM_0005754,1
HAM_0005755,4
HAM_0005756,1
HAM_0005758,2
HAM_0005759,3
HAM_0005760,2
HAM_0005761,1
HAM_0005762,3
HAM_0005764,1
HAM_0005765,1
HAM_0005767,1
HAM_0005768,1
HAM_0005769,1
HAM_0005770,1
HAM_0005771,1
HAM_0005772,2
HAM_0005773,1
HAM_0005774,1
HAM_0005775,1
HAM_0005777,2
HAM_0005778,1
HAM_0005779,1
HAM_0005780,1
HAM_0005781,1
HAM_0005782,1
HAM_0005783,1
HAM_0005784,1
HAM_0005785,2
HAM_0005786,1
HAM_0005787,1
HAM_0005788,1
HAM_0005789,3
HAM_0005790,2
HAM_0005792,1
HAM_0005793,1
HAM_0005794,2
HAM_0005795,1
HAM_0005796,1
HAM_0005797,1
HAM_0005799,1
HAM_0005800,1
HAM_0005801,2
HAM_0005802,1
HAM_0005803,1
HAM_0005805,1
HAM_0005806,1
HAM_0005807,1
HAM_0005808,1
HAM_0005809,2
HAM_0005810,1
HAM_0005812,1
HAM_0005813,1
HAM_0005814,2
HAM_0005815,1
HAM_0005816,1
HAM_0005817,2
HAM_0005818,1
HAM_0005819,1
HAM_0005820,3
HAM_0005822,1
HAM_0005823,1
HAM_0005824,1
HAM_0005825,1
HAM_0005826,1
HAM_0005827,1
HAM_0005828,2
HAM_0005829,2
HAM_0005831,1
HAM_0005832,1
HAM_0005833,1
HAM_0005834,1
HAM_0005836,1
HAM_0005838,1
HAM_0005839,1
HAM_0005840,3
HAM_0005841,1
HAM_0005843,1
HAM_0005844,1
HAM_0005845,1
HAM_0005846,1
HAM_0005847,1
HAM_0005848,2
HAM_0005849,1
HAM_0005850,1
HAM_0005851,1
HAM_0005853,1
HAM_0005854,1
HAM_0005855,1
HAM_0005857,1
HAM_0005858,1
HAM_0005859,2
HAM_0005860,1
HAM_0005862,1
HAM_0005863,1
HAM_0005864,1
HAM_0005865,2
HAM_0005866,1
HAM_0005867,1
HAM_0005868,1
HAM_0005869,2
HAM_0005870,1
HAM_0005871,1
HAM_0005872,1
HAM_0005873,1
HAM_0005874,1
HAM_0005875,1
HAM_0005876,1
HAM_0005877,1
HAM_0005879,2
HAM_0005880,2
HAM_0005881,1
HAM_0005882,1
HAM_0005883,1
HAM_0005884,1
HAM_0005886,2
HAM_0005887,2
HAM_0005888,1
HAM_0005890,1
HAM_0005891,1
HAM_0005892,1
HAM_0005893,3
HAM_0005894,1
HAM_0005895,1
HAM_0005896,2
HAM_0005897,1
HAM_0005898,2
HAM_0005899,1
HAM_0005900,1
HAM_0005902,1
HAM_0005903,1
HAM_0005904,1
HAM_0005905,1
HAM_0005906,1
HAM_0005907,1
HAM_0005908,1
HAM_0005909,1
HAM_0005910,3
HAM_0005911,2
HAM_0005912,1
HAM_0005913,1
HAM_0005914,2
HAM_0005915,1
HAM_0005916,1
HAM_0005917,1
HAM_0005919,1
HAM_0005920,1
HAM_0005922,1
HAM_0005923,1
HAM_0005925,3
HAM_0005926,1
HAM_0005927,1
HAM_0005928,1
HAM_0005929,1
HAM_0005930,1
HAM_0005932,1
HAM_0005934,1
HAM_0005935,2
HAM_0005936,1
HAM_0005937,1
HAM_0005939,1
HAM_0005940,1
HAM_0005941,1
HAM_0005942,3
HAM_0005943,1
HAM_0005944,1
HAM_0005945,1
HAM_0005946,1
HAM_0005948,1
HAM_0005949,1
HAM_0005950,1
HAM_0005951,1
HAM_0005952,1
HAM_0005953,2
HAM_0005955,1
HAM_0005957,1
HAM_0005959,1
HAM_0005960,2
HAM_0005961,3
HAM_0005963,1
HAM_0005964,1
HAM_0005965,1
HAM_0005966,2
HAM_0005967,2
HAM_0005968,2
HAM_0005969,1
HAM_0005970,1
HAM_0005972,2
HAM_0005974,1
HAM_0005975,1
HAM_0005976,1
HAM_0005977,1
HAM_0005980,1
HAM_0005986,1
HAM_0005987,2
HAM_0005988,1
HAM_0005990,1
HAM_0005991,1
HAM_0005992,3
HAM_0005993,1
HAM_0005994,2
HAM_0005995,3
HAM_0005996,1
HAM_0005997,2
HAM_0005999,1
HAM_0006000,1
HAM_0006001,1
HAM_0006003,2
HAM_0006004,1
HAM_0006006,2
HAM_0006007,1
HAM_0006008,1
HAM_0006009,2
HAM_0006010,1
HAM_0006011,2
HAM_0006012,1
HAM_0006013,1
HAM_0006014,1
HAM_0006015,1
HAM_0006016,1
HAM_0006017,1
HAM_0006018,2
HAM_0006019,1
HAM_0006020,1
HAM_0006021,1
HAM_0006022,1
HAM_0006023,1
HAM_0006025,1
HAM_0006026,3
HAM_0006028,1
HAM_0006029,1
HAM_0006030,2
HAM_0006031,1
HAM_0006032,2
HAM_0006033,1
HAM_0006034,1
HAM_0006035,1
HAM_0006037,2
HAM_0006038,1
HAM_0006039,1
HAM_0006040,1
HAM_0006041,2
HAM_0006042,3
HAM_0006043,1
HAM_0006044,1
HAM_0006045,1
HAM_0006046,1
HAM_0006048,1
HAM_0006050,1
HAM_0006051,1
HAM_0006052,1
HAM_0006054,1
HAM_0006055,1
HAM_0006057,1
HAM_0006058,1
HAM_0006059,1
HAM_0006060,1
HAM_0006061,1
HAM_0006062,1
HAM_0006063,1
HAM_0006064,2
HAM_0006065,1
HAM_0006067,1
HAM_0006068,1
HAM_0006069,1
HAM_0006070,1
HAM_0006071,1
HAM_0006072,1
HAM_0006073,1
HAM_0006074,2
HAM_0006075,1
HAM_0006077,1
HAM_0006078,2
HAM_0006079,1
HAM_0006080,3
HAM_0006081,1
HAM_0006082,1
HAM_0006083,1
HAM_0006084,1
HAM_0006085,3
HAM_0006086,1
HAM_0006087,1
HAM_0006088,1
HAM_0006089,1
HAM_0006090,1
HAM_0006091,1
HAM_0006092,1
HAM_0006093,1
HAM_0006094,2
HAM_0006095,1
HAM_0006096,1
HAM_0006097,2
HAM_0006098,1
HAM_0006099,2
HAM_0006100,1
HAM_0006101,2
HAM_0006102,1
HAM_0006103,1
HAM_0006104,2
HAM_0006105,1
HAM_0006106,1
HAM_0006108,2
HAM_0006109,1
HAM_0006110,1
HAM_0006113,1
HAM_0006114,1
HAM_0006116,1
HAM_0006117,1
HAM_0006118,2
HAM_0006119,1
HAM_0006120,2
HAM_0006121,3
HAM_0006122,1
HAM_0006123,3
HAM_0006124,1
HAM_0006125,1
HAM_0006126,2
HAM_0006127,1
HAM_0006128,2
HAM_0006129,2
HAM_0006130,1
HAM_0006131,1
HAM_0006132,1
HAM_0006133,1
HAM_0006134,1
HAM_0006136,1
HAM_0006137,1
HAM_0006139,1
HAM_0006140,1
HAM_0006141,1
HAM_0006142,1
HAM_0006143,1
HAM_0006144,1
HAM_0006145,2
HAM_0006146,2
HAM_0006147,3
HAM_0006148,1
HAM_0006149,1
HAM_0006150,2
HAM_0006151,1
HAM_0006152,2
HAM_0006153,1
HAM_0006154,2
HAM_0006155,1
HAM_0006157,1
HAM_0006158,3
HAM_0006159,1
HAM_0006160,1
HAM_0006161,1
HAM_0006162,1
HAM_0006163,1
HAM_0006164,1
HAM_0006165,1
HAM_0006166,1
HAM_0006167,1
HAM_0006168,1
HAM_0006169,1
HAM_0006170,3
HAM_0006171,2
HAM_0006172,1
HAM_0006173,2
HAM_0006174,2
HAM_0006175,1
HAM_0006176,1
HAM_0006177,1
HAM_0006178,1
HAM_0006179,1
HAM_0006181,2
HAM_0006182,3
HAM_0006183,1
HAM_0006184,2
HAM_0006185,2
HAM_0006186,2
HAM_0006187,2
HAM_0006189,1
HAM_0006190,1
HAM_0006191,3
HAM_0006192,1
HAM_0006194,1
HAM_0006195,1
HAM_0006196,1
HAM_0006197,2
HAM_0006198,1
HAM_0006199,1
HAM_0006201,2
HAM_0006202,1
HAM_0006204,1
HAM_0006205,2
HAM_0006206,1
HAM_0006207,1
HAM_0006208,1
HAM_0006209,1
HAM_0006210,1
HAM_0006211,1
HAM_0006212,1
HAM_0006214,2
HAM_0006215,1
HAM_0006216,1
HAM_0006218,1
HAM_0006219,1
HAM_0006221,2
HAM_0006223,2
HAM_0006224,1
HAM_0006225,3
HAM_0006226,1
HAM_0006227,1
HAM_0006228,1
HAM_0006229,1
HAM_0006230,1
HAM_0006231,1
HAM_0006232,1
HAM_0006233,1
HAM_0006234,1
HAM_0006235,1
HAM_0006236,1
HAM_0006237,1
HAM_0006238,1
HAM_0006239,1
HAM_0006240,1
HAM_0006241,1
HAM_0006242,1
HAM_0006243,1
HAM_0006244,2
HAM_0006245,1
HAM_0006246,1
HAM_0006247,1
HAM_0006248,1
HAM_0006249,1
HAM_0006250,1
HAM_0006251,1
HAM_0006253,2
HAM_0006254,1
HAM_0006255,1
HAM_0006256,1
HAM_0006257,1
HAM_0006258,1
HAM_0006259,1
HAM_0006260,1
HAM_0006261,1
HAM_0006262,2
HAM_0006263,1
HAM_0006264,1
HAM_0006266,1
HAM_0006267,2
HAM_0006268,1
HAM_0006270,1
HAM_0006271,1
HAM_0006272,1
HAM_0006273,2
HAM_0006275,1
HAM_0006276,1
HAM_0006277,1
HAM_0006278,1
HAM_0006279,1
HAM_0006281,2
HAM_0006282,1
HAM_0006283,2
HAM_0006284,2
HAM_0006285,1
HAM_0006286,1
HAM_0006287,1
HAM_0006289,1
HAM_0006292,1
HAM_0006293,1
HAM_0006294,1
HAM_0006295,3
HAM_0006296,1
HAM_0006297,1
HAM_0006298,1
HAM_0006299,1
HAM_0006300,1
HAM_0006302,1
HAM_0006303,2
HAM_0006304,1
HAM_0006305,1
HAM_0006306,1
HAM_0006307,1
HAM_0006308,1
HAM_0006309,1
HAM_0006310,1
HAM_0006311,1
HAM_0006312,2
HAM_0006313,1
HAM_0006314,1
HAM_0006316,1
HAM_0006317,1
HAM_0006318,1
HAM_0006319,1
HAM_0006321,3
HAM_0006322,1
HAM_0006323,3
HAM_0006325,1
HAM_0006326,1
HAM_0006327,2
HAM_0006328,1
HAM_0006329,2
HAM_0006330,3
HAM_0006331,1
HAM_0006332,1
HAM_0006333,1
HAM_0006334,3
HAM_0006335,1
HAM_0006336,1
HAM_0006337,1
HAM_0006338,1
HAM_0006339,1
HAM_0006340,1
HAM_0006341,1
HAM_0006342,1
HAM_0006343,1
HAM_0006344,1
HAM_0006345,1
HAM_0006346,2
HAM_0006347,2
HAM_0006348,1
HAM_0006349,1
HAM_0006350,1
HAM_0006352,2
HAM_0006353,3
HAM_0006354,1
HAM_0006355,1
HAM_0006356,1
HAM_0006357,1
HAM_0006358,2
HAM_0006359,2
HAM_0006360,1
HAM_0006361,1
HAM_0006362,1
HAM_0006363,1
HAM_0006364,1
HAM_0006365,1
HAM_0006366,1
HAM_0006367,1
HAM_0006369,1
HAM_0006370,1
HAM_0006372,3
HAM_0006373,1
HAM_0006374,1
HAM_0006375,1
HAM_0006376,3
HAM_0006377,1
HAM_0006378,1
HAM_0006379,2
HAM_0006380,3
HAM_0006381,1
HAM_0006382,1
HAM_0006383,1
HAM_0006385,1
HAM_0006388,1
HAM_0006389,2
HAM_0006390,1
HAM_0006391,3
HAM_0006392,1
HAM_0006393,1
HAM_0006394,1
HAM_0006395,1
HAM_0006396,2
HAM_0006397,2
HAM_0006398,1
HAM_0006399,1
HAM_0006400,1
HAM_0006401,1
HAM_0006402,1
HAM_0006403,1
HAM_0006404,1
HAM_0006405,1
HAM_0006408,1
HAM_0006409,2
HAM_0006410,1
HAM_0006411,2
HAM_0006412,1
HAM_0006413,1
HAM_0006414,1
HAM_0006415,1
HAM_0006416,1
HAM_0006418,2
HAM_0006419,1
HAM_0006420,2
HAM_0006421,1
HAM_0006422,1
HAM_0006423,2
HAM_0006424,1
HAM_0006425,1
HAM_0006426,2
HAM_0006427,1
HAM_0006428,1
HAM_0006429,1
HAM_0006430,2
HAM_0006431,1
HAM_0006432,1
HAM_0006433,2
HAM_0006435,2
HAM_0006436,1
HAM_0006437,1
HAM_0006438,1
HAM_0006439,2
HAM_0006440,1
HAM_0006441,1
HAM_0006443,1
HAM_0006445,3
HAM_0006446,1
HAM_0006448,1
HAM_0006449,1
HAM_0006450,1
HAM_0006451,1
HAM_0006452,1
HAM_0006453,3
HAM_0006454,1
HAM_0006455,1
HAM_0006456,1
HAM_0006457,2
HAM_0006458,2
HAM_0006459,1
HAM_0006460,1
HAM_0006461,1
HAM_0006462,2
HAM_0006463,1
HAM_0006464,2
HAM_0006466,1
HAM_0006467,1
HAM_0006468,1
HAM_0006469,4
HAM_0006470,1
HAM_0006471,1
HAM_0006472,2
HAM_0006473,1
HAM_0006474,1
HAM_0006475,1
HAM_0006476,1
HAM_0006477,1
HAM_0006478,2
HAM_0006479,1
HAM_0006480,1
HAM_0006484,2
HAM_0006485,1
HAM_0006486,1
HAM_0006487,1
HAM_0006488,1
HAM_0006489,1
HAM_0006490,1
HAM_0006491,3
HAM_0006492,1
HAM_0006493,1
HAM_0006494,1
HAM_0006495,1
HAM_0006496,3
HAM_0006497,1
HAM_0006498,1
HAM_0006499,1
HAM_0006500,1
HAM_0006502,1
HAM_0006503,1
HAM_0006504,1
HAM_0006505,1
HAM_0006506,1
HAM_0006507,1
HAM_0006508,1
HAM_0006509,1
HAM_0006510,1
HAM_0006511,1
HAM_0006512,2
HAM_0006513,1
HAM_0006514,2
HAM_0006515,1
HAM_0006516,3
HAM_0006517,2
HAM_0006518,1
HAM_0006519,1
HAM_0006520,3
HAM_0006521,2
HAM_0006522,2
HAM_0006523,1
HAM_0006525,1
HAM_0006526,1
HAM_0006527,1
HAM_0006528,3
HAM_0006529,1
HAM_0006530,1
HAM_0006531,1
HAM_0006532,1
HAM_0006533,1
HAM_0006534,1
HAM_0006535,1
HAM_0006536,1
HAM_0006537,1
HAM_0006538,1
HAM_0006539,3
HAM_0006540,2
HAM_0006541,3
HAM_0006543,1
HAM_0006544,1
HAM_0006545,3
HAM_0006546,1
HAM_0006547,1
HAM_0006550,3
HAM_0006551,2
HAM_0006552,1
HAM_0006553,2
HAM_0006554,2
HAM_0006555,1
HAM_0006556,1
HAM_0006557,1
HAM_0006558,2
HAM_0006559,3
HAM_0006561,1
HAM_0006562,1
HAM_0006563,1
HAM_0006565,1
HAM_0006566,2
HAM_0006567,3
HAM_0006568,1
HAM_0006569,1
HAM_0006570,1
HAM_0006571,1
HAM_0006573,1
HAM_0006574,2
HAM_0006576,1
HAM_0006578,1
HAM_0006579,1
HAM_0006580,1
HAM_0006581,1
HAM_0006582,1
HAM_0006583,1
HAM_0006584,1
HAM_0006585,1
HAM_0006589,1
HAM_0006590,1
HAM_0006591,1
HAM_0006593,1
HAM_0006594,1
HAM_0006595,1
HAM_0006596,2
HAM_0006597,1
HAM_0006598,1
HAM_0006599,2
HAM_0006600,2
HAM_0006601,1
HAM_0006602,1
HAM_0006605,2
HAM_0006606,1
HAM_0006607,1
HAM_0006608,2
HAM_0006610,2
HAM_0006611,1
HAM_0006612,1
HAM_0006613,1
HAM_0006614,1
HAM_0006615,3
HAM_0006616,1
HAM_0006618,2
HAM_0006619,1
HAM_0006620,1
HAM_0006621,1
HAM_0006622,2
HAM_0006623,2
HAM_0006625,1
HAM_0006626,1
HAM_0006627,1
HAM_0006628,3
HAM_0006629,2
HAM_0006630,1
HAM_0006632,1
HAM_0006633,1
HAM_0006634,2
HAM_0006635,2
HAM_0006636,1
HAM_0006637,2
HAM_0006638,1
HAM_0006639,1
HAM_0006640,1
HAM_0006641,1
HAM_0006642,1
HAM_0006643,1
HAM_0006644,1
HAM_0006645,2
HAM_0006646,1
HAM_0006647,1
HAM_0006648,1
HAM_0006649,1
HAM_0006650,1
HAM_0006651,1
HAM_0006652,2
HAM_0006653,1
HAM_0006654,3
HAM_0006655,1
HAM_0006656,1
HAM_0006657,1
HAM_0006659,1
HAM_0006660,1
HAM_0006661,1
HAM_0006662,1
HAM_0006663,2
HAM_0006664,1
HAM_0006665,1
HAM_0006666,3
HAM_0006667,1
HAM_0006668,1
HAM_0006669,1
HAM_0006670,1
HAM_0006671,1
HAM_0006672,1
HAM_0006673,2
HAM_0006674,1
HAM_0006675,3
HAM_0006676,1
HAM_0006677,1
HAM_0006678,1
HAM_0006679,1
HAM_0006680,1
HAM_0006681,1
HAM_0006682,1
HAM_0006683,1
HAM_0006684,1
HAM_0006685,3
HAM_0006686,1
HAM_0006687,1
HAM_0006688,1
HAM_0006689,1
HAM_0006690,1
HAM_0006691,1
HAM_0006692,2
HAM_0006693,1
HAM_0006694,1
HAM_0006695,1
HAM_0006696,1
HAM_0006697,1
HAM_0006698,1
HAM_0006699,2
HAM_0006700,3
HAM_0006701,1
HAM_0006702,1
HAM_0006703,1
HAM_0006704,1
HAM_0006705,1
HAM_0006706,1
HAM_0006709,1
HAM_0006710,1
HAM_0006711,2
HAM_0006712,1
HAM_0006713,1
HAM_0006714,1
HAM_0006715,1
HAM_0006716,1
HAM_0006717,1
HAM_0006718,1
HAM_0006719,1
HAM_0006720,2
HAM_0006722,2
HAM_0006723,2
HAM_0006725,2
HAM_0006726,1
HAM_0006728,1
HAM_0006729,1
HAM_0006730,1
HAM_0006731,1
HAM_0006732,1
HAM_0006733,1
HAM_0006734,1
HAM_0006735,2
HAM_0006736,1
HAM_0006737,1
HAM_0006738,2
HAM_0006739,2
HAM_0006741,1
HAM_0006742,2
HAM_0006743,1
HAM_0006744,1
HAM_0006745,1
HAM_0006747,2
HAM_0006749,1
HAM_0006751,1
HAM_0006752,1
HAM_0006753,1
HAM_0006754,1
HAM_0006755,1
HAM_0006756,2
HAM_0006757,2
HAM_0006758,1
HAM_0006759,1
HAM_0006760,1
HAM_0006761,1
HAM_0006762,1
HAM_0006763,1
HAM_0006764,2
HAM_0006766,1
HAM_0006767,1
HAM_0006768,1
HAM_0006769,1
HAM_0006770,2
HAM_0006771,1
HAM_0006772,1
HAM_0006773,1
HAM_0006774,1
HAM_0006776,1
HAM_0006777,1
HAM_0006778,1
HAM_0006779,1
HAM_0006780,1
HAM_0006781,1
HAM_0006782,2
HAM_0006783,1
HAM_0006784,1
HAM_0006785,1
HAM_0006786,1
HAM_0006788,1
HAM_0006789,1
HAM_0006790,1
HAM_0006791,1
HAM_0006792,1
HAM_0006793,1
HAM_0006795,1
HAM_0006797,1
HAM_0006798,1
HAM_0006799,3
HAM_0006801,3
HAM_0006802,3
HAM_0006803,2
HAM_0006804,1
HAM_0006805,1
HAM_0006806,1
HAM_0006807,1
HAM_0006808,1
HAM_0006809,1
HAM_0006810,1
HAM_0006811,1
HAM_0006812,1
HAM_0006813,2
HAM_0006814,1
HAM_0006817,1
HAM_0006818,1
HAM_0006819,1
HAM_0006820,1
HAM_0006821,2
HAM_0006822,2
HAM_0006824,2
HAM_0006825,1
HAM_0006826,2
HAM_0006827,1
HAM_0006828,1
HAM_0006829,1
HAM_0006830,1
HAM_0006831,1
HAM_0006832,3
HAM_0006833,1
HAM_0006835,2
HAM_0006836,1
HAM_0006837,2
HAM_0006838,1
HAM_0006839,1
HAM_0006840,1
HAM_0006841,1
HAM_0006842,1
HAM_0006845,1
HAM_0006846,1
HAM_0006847,1
HAM_0006848,1
HAM_0006849,1
HAM_0006850,1
HAM_0006853,2
HAM_0006855,1
HAM_0006856,2
HAM_0006857,3
HAM_0006858,1
HAM_0006859,1
HAM_0006860,1
HAM_0006861,2
HAM_0006862,1
HAM_0006863,1
HAM_0006864,1
HAM_0006865,1
HAM_0006866,1
HAM_0006867,1
HAM_0006868,1
HAM_0006869,3
HAM_0006870,1
HAM_0006871,1
HAM_0006873,2
HAM_0006874,1
HAM_0006876,1
HAM_0006877,1
HAM_0006880,1
HAM_0006881,3
HAM_0006882,1
HAM_0006883,2
HAM_0006884,1
HAM_0006885,1
HAM_0006886,3
HAM_0006888,1
HAM_0006890,1
HAM_0006891,1
HAM_0006892,1
HAM_0006894,1
HAM_0006895,1
HAM_0006896,2
HAM_0006897,1
HAM_0006899,2
HAM_0006900,2
HAM_0006901,1
HAM_0006903,1
HAM_0006905,2
HAM_0006906,1
HAM_0006907,1
HAM_0006908,2
HAM_0006909,1
HAM_0006910,2
HAM_0006911,1
HAM_0006912,1
HAM_0006913,2
HAM_0006914,2
HAM_0006915,1
HAM_0006916,2
HAM_0006917,1
HAM_0006918,1
HAM_0006919,1
HAM_0006920,1
HAM_0006921,1
HAM_0006922,1
HAM_0006923,2
HAM_0006924,1
HAM_0006925,3
HAM_0006926,1
HAM_0006927,1
HAM_0006928,1
HAM_0006929,1
HAM_0006930,1
HAM_0006931,1
HAM_0006932,1
HAM_0006933,1
HAM_0006934,1
HAM_0006935,1
HAM_0006936,2
HAM_0006938,3
HAM_0006939,1
HAM_0006940,1
HAM_0006941,1
HAM_0006942,2
HAM_0006943,1
HAM_0006944,1
HAM_0006945,3
HAM_0006947,2
HAM_0006948,1
HAM_0006949,1
HAM_0006950,1
HAM_0006951,1
HAM_0006952,1
HAM_0006953,1
HAM_0006955,1
HAM_0006956,1
HAM_0006957,1
HAM_0006958,1
HAM_0006959,1
HAM_0006960,1
HAM_0006961,1
HAM_0006962,1
HAM_0006963,1
HAM_0006964,2
HAM_0006965,1
HAM_0006966,1
HAM_0006967,2
HAM_0006968,1
HAM_0006969,1
HAM_0006970,1
HAM_0006971,1
HAM_0006972,3
HAM_0006973,1
HAM_0006974,2
HAM_0006975,1
HAM_0006976,1
HAM_0006977,1
HAM_0006978,1
HAM_0006979,1
HAM_0006980,3
HAM_0006981,1
HAM_0006982,1
HAM_0006983,1
HAM_0006984,1
HAM_0006985,1
HAM_0006986,1
HAM_0006987,1
HAM_0006988,1
HAM_0006989,1
HAM_0006990,1
HAM_0006991,1
HAM_0006992,1
HAM_0006993,2
HAM_0006994,1
HAM_0006995,1
HAM_0006996,1
HAM_0006997,1
HAM_0006998,1
HAM_0006999,1
HAM_0007000,1
HAM_0007001,1
HAM_0007003,2
HAM_0007004,1
HAM_0007005,3
HAM_0007006,1
HAM_0007007,1
HAM_0007010,2
HAM_0007011,1
HAM_0007012,1
HAM_0007013,1
HAM_0007014,4
HAM_0007015,1
HAM_0007016,1
HAM_0007017,1
HAM_0007018,2
HAM_0007019,1
HAM_0007021,2
HAM_0007022,1
HAM_0007023,1
HAM_0007024,1
HAM_0007025,1
HAM_0007026,1
HAM_0007027,1
HAM_0007028,1
HAM_0007029,1
HAM_0007030,1
HAM_0007031,1
HAM_0007032,3
HAM_0007033,1
HAM_0007034,1
HAM_0007035,1
HAM_0007036,1
HAM_0007039,1
HAM_0007040,1
HAM_0007041,1
HAM_0007042,1
HAM_0007043,2
HAM_0007044,1
HAM_0007045,1
HAM_0007046,2
HAM_0007048,1
HAM_0007049,2
HAM_0007050,1
HAM_0007052,2
HAM_0007053,1
HAM_0007054,2
HAM_0007055,1
HAM_0007056,1
HAM_0007057,1
HAM_0007058,2
HAM_0007060,1
HAM_0007061,1
HAM_0007062,1
HAM_0007063,1
HAM_0007064,1
HAM_0007065,1
HAM_0007066,1
HAM_0007067,1
HAM_0007068,1
HAM_0007069,2
HAM_0007070,1
HAM_0007071,1
HAM_0007072,1
HAM_0007073,1
HAM_0007074,1
HAM_0007075,2
HAM_0007076,1
HAM_0007077,1
HAM_0007078,1
HAM_0007079,1
HAM_0007080,1
HAM_0007082,1
HAM_0007083,1
HAM_0007084,1
HAM_0007086,3
HAM_0007087,1
HAM_0007089,1
HAM_0007090,1
HAM_0007091,1
HAM_0007092,1
HAM_0007093,1
HAM_0007094,1
HAM_0007095,1
HAM_0007096,1
HAM_0007098,1
HAM_0007099,1
HAM_0007100,1
HAM_0007101,3
HAM_0007102,2
HAM_0007103,1
HAM_0007104,1
HAM_0007105,1
HAM_0007108,1
HAM_0007109,1
HAM_0007110,1
HAM_0007111,1
HAM_0007112,2
HAM_0007114,1
HAM_0007115,1
HAM_0007116,1
HAM_0007117,3
HAM_0007119,1
HAM_0007120,1
HAM_0007121,1
HAM_0007122,2
HAM_0007123,2
HAM_0007124,2
HAM_0007125,2
HAM_0007126,1
HAM_0007127,1
HAM_0007128,1
HAM_0007130,1
HAM_0007132,1
HAM_0007133,2
HAM_0007134,1
HAM_0007135,1
HAM_0007136,1
HAM_0007137,1
HAM_0007138,2
HAM_0007140,1
HAM_0007142,1
HAM_0007143,1
HAM_0007144,1
HAM_0007145,1
HAM_0007146,1
HAM_0007148,2
HAM_0007149,1
HAM_0007151,1
HAM_0007152,1
HAM_0007153,1
HAM_0007154,1
HAM_0007155,1
HAM_0007156,1
HAM_0007157,1
HAM_0007158,1
HAM_0007159,1
HAM_0007160,1
HAM_0007161,1
HAM_0007162,1
HAM_0007163,2
HAM_0007164,1
HAM_0007165,2
HAM_0007166,1
HAM_0007167,1
HAM_0007168,1
HAM_0007169,2
HAM_0007170,1
HAM_0007171,2
HAM_0007172,1
HAM_0007173,1
HAM_0007174,1
HAM_0007175,1
HAM_0007176,1
HAM_0007177,1
HAM_0007178,2
HAM_0007179,2
HAM_0007180,2
HAM_0007181,1
HAM_0007183,1
HAM_0007184,1
HAM_0007185,1
HAM_0007186,1
HAM_0007187,1
HAM_0007188,1
HAM_0007189,2
HAM_0007190,1
HAM_0007191,1
HAM_0007192,1
HAM_0007193,1
HAM_0007194,1
HAM_0007195,1
HAM_0007196,2
HAM_0007197,1
HAM_0007198,1
HAM_0007200,1
HAM_0007201,1
HAM_0007202,2
HAM_0007203,1
HAM_0007204,1
HAM_0007205,1
HAM_0007206,1
HAM_0007207,1
HAM_0007208,1
HAM_0007209,1
HAM_0007210,1
HAM_0007211,1
HAM_0007213,1
HAM_0007214,1
HAM_0007215,1
HAM_0007216,1
HAM_0007217,1
HAM_0007218,1
HAM_0007219,1
HAM_0007220,1
HAM_0007221,1
HAM_0007222,1
HAM_0007223,1
HAM_0007224,1
HAM_0007226,1
HAM_0007228,1
HAM_0007229,1
HAM_0007230,1
HAM_0007231,1
HAM_0007232,1
HAM_0007233,1
HAM_0007234,1
HAM_0007236,1
HAM_0007238,2
HAM_0007239,2
HAM_0007240,1
HAM_0007241,1
HAM_0007242,2
HAM_0007243,1
HAM_0007244,1
HAM_0007245,1
HAM_0007246,1
HAM_0007249,2
HAM_0007251,1
HAM_0007252,1
HAM_0007253,1
HAM_0007254,1
HAM_0007255,2
HAM_0007256,1
HAM_0007257,1
HAM_0007258,1
HAM_0007259,3
HAM_0007260,1
HAM_0007261,1
HAM_0007263,1
HAM_0007264,1
HAM_0007265,3
HAM_0007266,1
HAM_0007267,1
HAM_0007268,1
HAM_0007269,1
HAM_0007270,1
HAM_0007271,1
HAM_0007272,1
HAM_0007273,1
HAM_0007274,1
HAM_0007275,1
HAM_0007276,1
HAM_0007277,1
HAM_0007278,2
HAM_0007279,1
HAM_0007280,1
HAM_0007281,1
HAM_0007282,1
HAM_0007284,1
HAM_0007285,1
HAM_0007286,1
HAM_0007287,1
HAM_0007288,1
HAM_0007290,1
HAM_0007291,1
HAM_0007292,1
HAM_0007293,1
HAM_0007294,1
HAM_0007295,1
HAM_0007296,1
HAM_0007297,1
HAM_0007298,1
HAM_0007299,3
HAM_0007300,3
HAM_0007301,1
HAM_0007302,1
HAM_0007304,1
HAM_0007305,1
HAM_0007306,1
HAM_0007309,1
HAM_0007310,2
HAM_0007311,2
HAM_0007312,1
HAM_0007314,1
HAM_0007315,2
HAM_0007316,1
HAM_0007317,1
HAM_0007318,1
HAM_0007319,1
HAM_0007320,1
HAM_0007321,1
HAM_0007322,1
HAM_0007323,1
HAM_0007324,1
HAM_0007325,1
HAM_0007326,1
HAM_0007328,1
HAM_0007329,1
HAM_0007330,1
HAM_0007331,1
HAM_0007332,2
HAM_0007333,1
HAM_0007334,1
HAM_0007336,1
HAM_0007337,1
HAM_0007338,1
HAM_0007339,1
HAM_0007340,1
HAM_0007341,3
HAM_0007342,1
HAM_0007343,5
HAM_0007344,1
HAM_0007345,1
HAM_0007347,1
HAM_0007348,3
HAM_0007350,2
HAM_0007351,1
HAM_0007352,1
HAM_0007353,1
HAM_0007355,2
HAM_0007356,2
HAM_0007357,1
HAM_0007358,1
HAM_0007359,1
HAM_0007360,1
HAM_0007361,1
HAM_0007362,1
HAM_0007363,1
HAM_0007365,1
HAM_0007366,1
HAM_0007367,5
HAM_0007368,1
HAM_0007369,1
HAM_0007371,1
HAM_0007373,2
HAM_0007374,2
HAM_0007375,1
HAM_0007376,1
HAM_0007377,1
HAM_0007378,1
HAM_0007379,1
HAM_0007380,1
HAM_0007381,2
HAM_0007382,1
HAM_0007383,1
HAM_0007384,2
HAM_0007385,4
HAM_0007386,1
HAM_0007387,1
HAM_0007388,1
HAM_0007389,1
HAM_0007390,2
HAM_0007391,1
HAM_0007392,1
HAM_0007393,1
HAM_0007394,1
HAM_0007395,1
HAM_0007397,1
HAM_0007399,1
HAM_0007400,1
HAM_0007401,1
HAM_0007402,2
HAM_0007403,1
HAM_0007404,1
HAM_0007405,1
HAM_0007406,1
HAM_0007407,1
HAM_0007408,1
HAM_0007409,3
HAM_0007411,1
HAM_0007412,1
HAM_0007413,1
HAM_0007414,1
HAM_0007415,3
HAM_0007416,1
HAM_0007417,1
HAM_0007419,1
HAM_0007420,1
HAM_0007422,1
HAM_0007423,1
HAM_0007424,1
HAM_0007425,2
HAM_0007426,2
HAM_0007427,5
HAM_0007429,1
HAM_0007430,1
HAM_0007431,1
HAM_0007432,1
HAM_0007433,3
HAM_0007434,1
HAM_0007435,1
HAM_0007436,1
HAM_0007437,2
HAM_0007438,1
HAM_0007439,1
HAM_0007440,1
HAM_0007441,1
HAM_0007442,1
HAM_0007443,1
HAM_0007444,3
HAM_0007445,2
HAM_0007447,1
HAM_0007448,2
HAM_0007449,1
HAM_0007450,1
HAM_0007451,3
HAM_0007452,1
HAM_0007453,1
HAM_0007454,1
HAM_0007455,1
HAM_0007456,1
HAM_0007457,1
HAM_0007458,1
HAM_0007459,1
HAM_0007460,1
HAM_0007461,1
HAM_0007462,2
HAM_0007464,2
HAM_0007465,1
HAM_0007466,1
HAM_0007467,1
HAM_0007468,2
HAM_0007469,1
HAM_0007472,1
HAM_0007473,1
HAM_0007475,3
HAM_0007476,2
HAM_0007477,2
HAM_0007478,1
HAM_0007480,1
HAM_0007481,1
HAM_0007482,1
HAM_0007483,2
HAM_0007484,2
HAM_0007485,1
HAM_0007486,1
HAM_0007487,1
HAM_0007488,2
HAM_0007489,1
HAM_0007490,1
HAM_0007491,1
HAM_0007492,1
HAM_0007493,1
HAM_0007494,2
HAM_0007495,1
HAM_0007496,1
HAM_0007498,2
HAM_0007499,1
HAM_0007500,2
HAM_0007501,1
HAM_0007502,1
HAM_0007503,1
HAM_0007504,1
HAM_0007505,1
HAM_0007506,1
HAM_0007508,1
HAM_0007509,1
HAM_0007510,2
HAM_0007511,2
HAM_0007512,1
HAM_0007513,2
HAM_0007514,1
HAM_0007515,1
HAM_0007516,2
HAM_0007517,1
HAM_0007518,1
HAM_0007519,2
HAM_0007520,1
HAM_0007521,1
HAM_0007522,2
HAM_0007523,1
HAM_0007525,1
HAM_0007527,1
HAM_0007528,1
HAM_0007529,1
HAM_0007530,2
HAM_0007531,1
HAM_0007533,2
HAM_0007536,1
HAM_0007537,1
HAM_0007538,2
HAM_0007539,1
HAM_0007540,1
HAM_0007541,3
HAM_0007543,2
HAM_0007544,1
HAM_0007545,1
HAM_0007547,1
HAM_0007548,2
HAM_0007549,1
HAM_0007551,1
HAM_0007552,3
HAM_0007553,2
HAM_0007554,1
HAM_0007556,1
HAM_0007558,4
HAM_0007559,1
HAM_0007560,2
HAM_0007561,1
HAM_0007562,2
HAM_0007563,1
HAM_0007564,1
HAM_0007565,1
HAM_0007566,2
HAM_0007567,1
HAM_0007570,1
HAM_0007571,2
HAM_0007573,1
HAM_0007574,3
HAM_0007576,1
HAM_0007577,1
HAM_0007578,1
HAM_0007579,2
HAM_0007580,1
HAM_0007582,1
HAM_0007583,3
HAM_0007584,1
HAM_0007585,1
HAM_0007586,1
HAM_0007587,1
HAM_0007589,1
HAM_0007590,2
HAM_0007591,1
HAM_0007592,1
HAM_0007593,1
HAM_0007594,1
HAM_0007595,1
HAM_0007596,2
HAM_0007597,1
HAM_0007598,1
HAM_0007599,1
HAM_0007600,1
HAM_0007602,1
HAM_0007603,1
HAM_0007604,1
HAM_0007605,1
HAM_0007606,2
HAM_0007607,1
HAM_0007608,1
HAM_0007609,1
HAM_0007610,1
HAM_0007612,1
HAM_0007613,1
HAM_0007615,1
HAM_0007616,1
HAM_0007617,2
HAM_0007618,1
HAM_0007619,1
HAM_0007620,2
HAM_0007621,2
HAM_0007624,1
HAM_0007625,2
HAM_0007626,1
HAM_0007628,1
